odczyt_utc,business_date,period,dtime_utc,publication_ts_utc,pv_red_balance,wi_red_balance,pv_red_network,wi_red_network
2026-10-01 12:43:09,2026-10-01,00:00 - 00:15,2026-09-30 22:15,2026-10-01 11:36:36.889,,,,
2026-10-01 12:43:09,2026-10-01,00:15 - 00:30,2026-09-30 22:30,2026-10-01 11:36:36.889,,,,
2026-10-01 12:43:09,2026-10-01,00:30 - 00:45,2026-09-30 22:45,2026-10-01 11:36:36.889,,,,
2026-10-01 12:43:09,2026-10-01,00:45 - 01:00,2026-09-30 23:00,2026-10-01 11:36:36.889,,,,
2026-10-01 12:43:09,2026-10-01,01:00 - 01:15,2026-09-30 23:15,2026-10-01 11:36:36.889,,,,
2026-10-01 12:43:09,2026-10-01,01:15 - 01:30,2026-09-30 23:30,2026-10-01 11:36:36.889,,,,
2026-10-01 12:43:09,2026-10-01,01:30 - 01:45,2026-09-30 23:45,2026-10-01 11:36:36.889,,,,
2026-10-01 12:43:09,2026-10-01,01:45 - 02:00,2026-10-01 00:00,2026-10-01 11:36:36.889,,,,
2026-10-01 12:43:09,2026-10-01,02:00 - 02:15,2026-10-01 00:15,2026-10-01 11:36:36.889,,,,
2026-10-01 12:43:09,2026-10-01,02:15 - 02:30,2026-10-01 00:30,2026-10-01 11:36:36.889,,,,
2026-10-01 12:43:09,2026-10-01,02:30 - 02:45,2026-10-01 00:45,2026-10-01 11:36:36.889,,,,
2026-10-01 12:43:09,2026-10-01,02:45 - 03:00,2026-10-01 01:00,2026-10-01 11:36:36.889,,,,
2026-10-01 12:43:09,2026-10-01,03:00 - 03:15,2026-10-01 01:15,2026-10-01 11:36:36.889,,,,
2026-10-01 12:43:09,2026-10-01,03:15 - 03:30,2026-10-01 01:30,2026-10-01 11:36:36.889,,,,
2026-10-01 12:43:09,2026-10-01,03:30 - 03:45,2026-10-01 01:45,2026-10-01 11:36:36.889,,,,
2026-10-01 12:43:09,2026-10-01,03:45 - 04:00,2026-10-01 02:00,2026-10-01 11:36:36.889,,,,
2026-10-01 12:43:09,2026-10-01,04:00 - 04:15,2026-10-01 02:15,2026-10-01 11:36:36.889,,,,
2026-10-01 12:43:09,2026-10-01,04:15 - 04:30,2026-10-01 02:30,2026-10-01 11:36:36.889,,,,
2026-10-01 12:43:09,2026-10-01,04:30 - 04:45,2026-10-01 02:45,2026-10-01 11:36:36.889,,,,
2026-10-01 12:43:09,2026-10-01,04:45 - 05:00,2026-10-01 03:00,2026-10-01 11:36:36.889,,,,
2026-10-01 12:43:09,2026-10-01,05:00 - 05:15,2026-10-01 03:15,2026-10-01 11:36:36.889,,,,
2026-10-01 12:43:09,2026-10-01,05:15 - 05:30,2026-10-01 03:30,2026-10-01 11:36:36.889,,,,
2026-10-01 12:43:09,2026-10-01,05:30 - 05:45,2026-10-01 03:45,2026-10-01 11:36:36.889,,,,
2026-10-01 12:43:09,2026-10-01,05:45 - 06:00,2026-10-01 04:00,2026-10-01 11:36:36.889,,,,
2026-10-01 12:43:09,2026-10-01,06:00 - 06:15,2026-10-01 04:15,2026-10-01 11:36:36.889,,,,
2026-10-01 12:43:09,2026-10-01,06:15 - 06:30,2026-10-01 04:30,2026-10-01 11:36:36.889,,,,
2026-10-01 12:43:09,2026-10-01,06:30 - 06:45,2026-10-01 04:45,2026-10-01 11:36:36.889,,,,
2026-10-01 12:43:09,2026-10-01,06:45 - 07:00,2026-10-01 05:00,2026-10-01 11:36:36.889,,,,
2026-10-01 12:43:09,2026-10-01,07:00 - 07:15,2026-10-01 05:15,2026-10-01 11:36:36.889,,,,
2026-10-01 12:43:09,2026-10-01,07:15 - 07:30,2026-10-01 05:30,2026-10-01 11:36:36.889,,,,
2026-10-01 12:43:09,2026-10-01,07:30 - 07:45,2026-10-01 05:45,2026-10-01 11:36:36.889,,,,
2026-10-01 12:43:09,2026-10-01,07:45 - 08:00,2026-10-01 06:00,2026-10-01 11:36:36.889,,,,
2026-10-01 12:43:09,2026-10-01,08:00 - 08:15,2026-10-01 06:15,2026-10-01 11:36:36.889,,,,
2026-10-01 12:43:09,2026-10-01,08:15 - 08:30,2026-10-01 06:30,2026-10-01 11:36:36.889,,,,
2026-10-01 12:43:09,2026-10-01,08:30 - 08:45,2026-10-01 06:45,2026-10-01 11:36:36.889,,,,
2026-10-01 12:43:09,2026-10-01,08:45 - 09:00,2026-10-01 07:00,2026-10-01 11:36:36.889,,,,
2026-10-01 12:43:09,2026-10-01,09:00 - 09:15,2026-10-01 07:15,2026-10-01 11:36:36.889,,,,
2026-10-01 12:43:09,2026-10-01,09:15 - 09:30,2026-10-01 07:30,2026-10-01 11:36:36.889,,,,
2026-10-01 12:43:09,2026-10-01,09:30 - 09:45,2026-10-01 07:45,2026-10-01 11:36:36.889,,,,
2026-10-01 12:43:09,2026-10-01,09:45 - 10:00,2026-10-01 08:00,2026-10-01 11:36:36.889,,,,
2026-10-01 12:43:09,2026-10-01,10:00 - 10:15,2026-10-01 08:15,2026-10-01 11:36:36.889,-454.9,-345.1,,
2026-10-01 12:43:09,2026-10-01,10:15 - 10:30,2026-10-01 08:30,2026-10-01 11:36:36.889,-454.9,-345.1,,
2026-10-01 12:43:09,2026-10-01,10:30 - 10:45,2026-10-01 08:45,2026-10-01 11:36:36.889,-454.9,-345.1,,
2026-10-01 12:43:09,2026-10-01,10:45 - 11:00,2026-10-01 09:00,2026-10-01 11:36:36.889,-454.9,-345.1,,
2026-10-01 12:43:09,2026-10-01,11:00 - 11:15,2026-10-01 09:15,2026-10-01 11:36:36.889,-338.0,-118.9,,
2026-10-01 12:43:09,2026-10-01,11:15 - 11:30,2026-10-01 09:30,2026-10-01 11:36:36.889,-338.0,-118.9,,
2026-10-01 12:43:09,2026-10-01,11:30 - 11:45,2026-10-01 09:45,2026-10-01 11:36:36.889,-338.0,-118.9,,
2026-10-01 12:43:09,2026-10-01,11:45 - 12:00,2026-10-01 10:00,2026-10-01 11:36:36.889,-338.0,-118.9,,
2026-10-01 12:43:09,2026-10-01,12:00 - 12:15,2026-10-01 10:15,2026-10-01 11:36:36.889,-463.8,-256.3,,
2026-10-01 12:43:09,2026-10-01,12:15 - 12:30,2026-10-01 10:30,2026-10-01 11:36:36.889,-463.8,-256.3,,
2026-10-01 12:43:09,2026-10-01,12:30 - 12:45,2026-10-01 10:45,2026-10-01 11:36:36.889,-463.8,-256.3,,
2026-10-01 12:43:09,2026-10-01,12:45 - 13:00,2026-10-01 11:00,2026-10-01 11:36:36.889,-463.8,-256.3,,
2026-10-01 12:43:09,2026-10-01,13:00 - 13:15,2026-10-01 11:15,2026-10-01 11:36:36.889,-896.0,-595.2,,
2026-10-01 12:43:09,2026-10-01,13:15 - 13:30,2026-10-01 11:30,2026-10-01 11:36:36.889,-896.0,-595.2,,
2026-10-01 12:43:09,2026-10-01,13:30 - 13:45,2026-10-01 11:45,2026-10-01 11:36:36.889,-896.0,-595.2,,
2026-10-01 12:43:09,2026-10-01,13:45 - 14:00,2026-10-01 12:00,2026-10-01 11:36:36.889,-896.0,-595.2,,
2026-10-01 12:43:09,2026-10-01,14:00 - 14:15,2026-10-01 12:15,2026-10-01 11:36:36.889,-506.5,-421.2,,
2026-10-01 12:43:09,2026-10-01,14:15 - 14:30,2026-10-01 12:30,2026-10-01 11:36:36.889,-506.5,-421.2,,
2026-10-01 12:43:09,2026-10-01,14:30 - 14:45,2026-10-01 12:45,2026-10-01 11:36:36.889,-506.5,-421.2,,
2026-10-01 12:43:09,2026-10-01,14:45 - 15:00,2026-10-01 13:00,2026-10-01 11:36:36.889,-506.5,-421.2,,
2026-10-01 12:43:09,2026-10-01,15:00 - 15:15,2026-10-01 13:15,2026-10-01 11:36:36.889,,,,
2026-10-01 12:43:09,2026-10-01,15:15 - 15:30,2026-10-01 13:30,2026-10-01 11:36:36.889,,,,
2026-10-01 12:43:09,2026-10-01,15:30 - 15:45,2026-10-01 13:45,2026-10-01 11:36:36.889,,,,
2026-10-01 12:43:09,2026-10-01,15:45 - 16:00,2026-10-01 14:00,2026-10-01 11:36:36.889,,,,
2026-10-01 12:43:09,2026-10-01,16:00 - 16:15,2026-10-01 14:15,2026-10-01 11:36:36.889,,,,
2026-10-01 12:43:09,2026-10-01,16:15 - 16:30,2026-10-01 14:30,2026-10-01 11:36:36.889,,,,
2026-10-01 12:43:09,2026-10-01,16:30 - 16:45,2026-10-01 14:45,2026-10-01 11:36:36.889,,,,
2026-10-01 12:43:09,2026-10-01,16:45 - 17:00,2026-10-01 15:00,2026-10-01 11:36:36.889,,,,
2026-10-01 12:43:09,2026-10-01,17:00 - 17:15,2026-10-01 15:15,2026-10-01 11:36:36.889,,,,
2026-10-01 12:43:09,2026-10-01,17:15 - 17:30,2026-10-01 15:30,2026-10-01 11:36:36.889,,,,
2026-10-01 12:43:09,2026-10-01,17:30 - 17:45,2026-10-01 15:45,2026-10-01 11:36:36.889,,,,
2026-10-01 12:43:09,2026-10-01,17:45 - 18:00,2026-10-01 16:00,2026-10-01 11:36:36.889,,,,
2026-10-01 12:43:09,2026-10-01,18:00 - 18:15,2026-10-01 16:15,2026-10-01 11:36:36.889,,,,
2026-10-01 12:43:09,2026-10-01,18:15 - 18:30,2026-10-01 16:30,2026-10-01 11:36:36.889,,,,
2026-10-01 12:43:09,2026-10-01,18:30 - 18:45,2026-10-01 16:45,2026-10-01 11:36:36.889,,,,
2026-10-01 12:43:09,2026-10-01,18:45 - 19:00,2026-10-01 17:00,2026-10-01 11:36:36.889,,,,
2026-10-01 12:43:09,2026-10-01,19:00 - 19:15,2026-10-01 17:15,2026-10-01 11:36:36.889,,,,
2026-10-01 12:43:09,2026-10-01,19:15 - 19:30,2026-10-01 17:30,2026-10-01 11:36:36.889,,,,
2026-10-01 12:43:09,2026-10-01,19:30 - 19:45,2026-10-01 17:45,2026-10-01 11:36:36.889,,,,
2026-10-01 12:43:09,2026-10-01,19:45 - 20:00,2026-10-01 18:00,2026-10-01 11:36:36.889,,,,
2026-10-01 12:43:09,2026-10-01,20:00 - 20:15,2026-10-01 18:15,2026-10-01 11:36:36.889,,,,
2026-10-01 12:43:09,2026-10-01,20:15 - 20:30,2026-10-01 18:30,2026-10-01 11:36:36.889,,,,
2026-10-01 12:43:09,2026-10-01,20:30 - 20:45,2026-10-01 18:45,2026-10-01 11:36:36.889,,,,
2026-10-01 12:43:09,2026-10-01,20:45 - 21:00,2026-10-01 19:00,2026-10-01 11:36:36.889,,,,
2026-10-01 12:43:09,2026-10-01,21:00 - 21:15,2026-10-01 19:15,2026-10-01 11:36:36.889,,,,
2026-10-01 12:43:09,2026-10-01,21:15 - 21:30,2026-10-01 19:30,2026-10-01 11:36:36.889,,,,
2026-10-01 12:43:09,2026-10-01,21:30 - 21:45,2026-10-01 19:45,2026-10-01 11:36:36.889,,,,
2026-10-01 12:43:09,2026-10-01,21:45 - 22:00,2026-10-01 20:00,2026-10-01 11:36:36.889,,,,
2026-10-01 12:43:09,2026-10-01,22:00 - 22:15,2026-10-01 20:15,2026-10-01 11:36:36.889,,,,
2026-10-01 12:43:09,2026-10-01,22:15 - 22:30,2026-10-01 20:30,2026-10-01 11:36:36.889,,,,
2026-10-01 12:43:09,2026-10-01,22:30 - 22:45,2026-10-01 20:45,2026-10-01 11:36:36.889,,,,
2026-10-01 12:43:09,2026-10-01,22:45 - 23:00,2026-10-01 21:00,2026-10-01 11:36:36.889,,,,
2026-10-01 12:43:09,2026-10-01,23:00 - 23:15,2026-10-01 21:15,2026-10-01 11:36:36.889,,,,
2026-10-01 12:43:09,2026-10-01,23:15 - 23:30,2026-10-01 21:30,2026-10-01 11:36:36.889,,,,
2026-10-01 12:43:09,2026-10-01,23:30 - 23:45,2026-10-01 21:45,2026-10-01 11:36:36.889,,,,
2026-10-01 12:43:09,2026-10-01,23:45 - 24:00,2026-10-01 22:00,2026-10-01 11:36:36.889,,,,
2026-10-01 12:43:09,2026-10-02,00:00 - 00:15,2026-10-01 22:15,2026-09-30 22:10:12.932,,,,
2026-10-01 12:43:09,2026-10-02,00:15 - 00:30,2026-10-01 22:30,2026-09-30 22:10:12.932,,,,
2026-10-01 12:43:09,2026-10-02,00:30 - 00:45,2026-10-01 22:45,2026-09-30 22:10:12.932,,,,
2026-10-01 12:43:09,2026-10-02,00:45 - 01:00,2026-10-01 23:00,2026-09-30 22:10:12.932,,,,
2026-10-01 12:43:09,2026-10-02,01:00 - 01:15,2026-10-01 23:15,2026-09-30 22:10:12.932,,,,
2026-10-01 12:43:09,2026-10-02,01:15 - 01:30,2026-10-01 23:30,2026-09-30 22:10:12.932,,,,
2026-10-01 12:43:09,2026-10-02,01:30 - 01:45,2026-10-01 23:45,2026-09-30 22:10:12.932,,,,
2026-10-01 12:43:09,2026-10-02,01:45 - 02:00,2026-10-02 00:00,2026-09-30 22:10:12.932,,,,
2026-10-01 12:43:09,2026-10-02,02:00 - 02:15,2026-10-02 00:15,2026-09-30 22:10:12.932,,,,
2026-10-01 12:43:09,2026-10-02,02:15 - 02:30,2026-10-02 00:30,2026-09-30 22:10:12.932,,,,
2026-10-01 12:43:09,2026-10-02,02:30 - 02:45,2026-10-02 00:45,2026-09-30 22:10:12.932,,,,
2026-10-01 12:43:09,2026-10-02,02:45 - 03:00,2026-10-02 01:00,2026-09-30 22:10:12.932,,,,
2026-10-01 12:43:09,2026-10-02,03:00 - 03:15,2026-10-02 01:15,2026-09-30 22:10:12.932,,,,
2026-10-01 12:43:09,2026-10-02,03:15 - 03:30,2026-10-02 01:30,2026-09-30 22:10:12.932,,,,
2026-10-01 12:43:09,2026-10-02,03:30 - 03:45,2026-10-02 01:45,2026-09-30 22:10:12.932,,,,
2026-10-01 12:43:09,2026-10-02,03:45 - 04:00,2026-10-02 02:00,2026-09-30 22:10:12.932,,,,
2026-10-01 12:43:09,2026-10-02,04:00 - 04:15,2026-10-02 02:15,2026-09-30 22:10:12.932,,,,
2026-10-01 12:43:09,2026-10-02,04:15 - 04:30,2026-10-02 02:30,2026-09-30 22:10:12.932,,,,
2026-10-01 12:43:09,2026-10-02,04:30 - 04:45,2026-10-02 02:45,2026-09-30 22:10:12.932,,,,
2026-10-01 12:43:09,2026-10-02,04:45 - 05:00,2026-10-02 03:00,2026-09-30 22:10:12.932,,,,
2026-10-01 12:43:09,2026-10-02,05:00 - 05:15,2026-10-02 03:15,2026-09-30 22:10:12.932,,,,
2026-10-01 12:43:09,2026-10-02,05:15 - 05:30,2026-10-02 03:30,2026-09-30 22:10:12.932,,,,
2026-10-01 12:43:09,2026-10-02,05:30 - 05:45,2026-10-02 03:45,2026-09-30 22:10:12.932,,,,
2026-10-01 12:43:09,2026-10-02,05:45 - 06:00,2026-10-02 04:00,2026-09-30 22:10:12.932,,,,
2026-10-01 12:43:09,2026-10-02,06:00 - 06:15,2026-10-02 04:15,2026-09-30 22:10:12.932,,,,
2026-10-01 12:43:09,2026-10-02,06:15 - 06:30,2026-10-02 04:30,2026-09-30 22:10:12.932,,,,
2026-10-01 12:43:09,2026-10-02,06:30 - 06:45,2026-10-02 04:45,2026-09-30 22:10:12.932,,,,
2026-10-01 12:43:09,2026-10-02,06:45 - 07:00,2026-10-02 05:00,2026-09-30 22:10:12.932,,,,
2026-10-01 12:43:09,2026-10-02,07:00 - 07:15,2026-10-02 05:15,2026-09-30 22:10:12.932,,,,
2026-10-01 12:43:09,2026-10-02,07:15 - 07:30,2026-10-02 05:30,2026-09-30 22:10:12.932,,,,
2026-10-01 12:43:09,2026-10-02,07:30 - 07:45,2026-10-02 05:45,2026-09-30 22:10:12.932,,,,
2026-10-01 12:43:09,2026-10-02,07:45 - 08:00,2026-10-02 06:00,2026-09-30 22:10:12.932,,,,
2026-10-01 12:43:09,2026-10-02,08:00 - 08:15,2026-10-02 06:15,2026-09-30 22:10:12.932,,,,
2026-10-01 12:43:09,2026-10-02,08:15 - 08:30,2026-10-02 06:30,2026-09-30 22:10:12.932,,,,
2026-10-01 12:43:09,2026-10-02,08:30 - 08:45,2026-10-02 06:45,2026-09-30 22:10:12.932,,,,
2026-10-01 12:43:09,2026-10-02,08:45 - 09:00,2026-10-02 07:00,2026-09-30 22:10:12.932,,,,
2026-10-01 12:43:09,2026-10-02,09:00 - 09:15,2026-10-02 07:15,2026-09-30 22:10:12.932,,,,
2026-10-01 12:43:09,2026-10-02,09:15 - 09:30,2026-10-02 07:30,2026-09-30 22:10:12.932,,,,
2026-10-01 12:43:09,2026-10-02,09:30 - 09:45,2026-10-02 07:45,2026-09-30 22:10:12.932,,,,
2026-10-01 12:43:09,2026-10-02,09:45 - 10:00,2026-10-02 08:00,2026-09-30 22:10:12.932,,,,
2026-10-01 12:43:09,2026-10-02,10:00 - 10:15,2026-10-02 08:15,2026-09-30 22:10:12.932,,,,
2026-10-01 12:43:09,2026-10-02,10:15 - 10:30,2026-10-02 08:30,2026-09-30 22:10:12.932,,,,
2026-10-01 12:43:09,2026-10-02,10:30 - 10:45,2026-10-02 08:45,2026-09-30 22:10:12.932,,,,
2026-10-01 12:43:09,2026-10-02,10:45 - 11:00,2026-10-02 09:00,2026-09-30 22:10:12.932,,,,
2026-10-01 12:43:09,2026-10-02,11:00 - 11:15,2026-10-02 09:15,2026-09-30 22:10:12.932,,,,
2026-10-01 12:43:09,2026-10-02,11:15 - 11:30,2026-10-02 09:30,2026-09-30 22:10:12.932,,,,
2026-10-01 12:43:09,2026-10-02,11:30 - 11:45,2026-10-02 09:45,2026-09-30 22:10:12.932,,,,
2026-10-01 12:43:09,2026-10-02,11:45 - 12:00,2026-10-02 10:00,2026-09-30 22:10:12.932,,,,
2026-10-01 12:43:09,2026-10-02,12:00 - 12:15,2026-10-02 10:15,2026-09-30 22:10:12.932,,,,
2026-10-01 12:43:09,2026-10-02,12:15 - 12:30,2026-10-02 10:30,2026-09-30 22:10:12.932,,,,
2026-10-01 12:43:09,2026-10-02,12:30 - 12:45,2026-10-02 10:45,2026-09-30 22:10:12.932,,,,
2026-10-01 12:43:09,2026-10-02,12:45 - 13:00,2026-10-02 11:00,2026-09-30 22:10:12.932,,,,
2026-10-01 12:43:09,2026-10-02,13:00 - 13:15,2026-10-02 11:15,2026-09-30 22:10:12.932,,,,
2026-10-01 12:43:09,2026-10-02,13:15 - 13:30,2026-10-02 11:30,2026-09-30 22:10:12.932,,,,
2026-10-01 12:43:09,2026-10-02,13:30 - 13:45,2026-10-02 11:45,2026-09-30 22:10:12.932,,,,
2026-10-01 12:43:09,2026-10-02,13:45 - 14:00,2026-10-02 12:00,2026-09-30 22:10:12.932,,,,
2026-10-01 12:43:09,2026-10-02,14:00 - 14:15,2026-10-02 12:15,2026-09-30 22:10:12.932,,,,
2026-10-01 12:43:09,2026-10-02,14:15 - 14:30,2026-10-02 12:30,2026-09-30 22:10:12.932,,,,
2026-10-01 12:43:09,2026-10-02,14:30 - 14:45,2026-10-02 12:45,2026-09-30 22:10:12.932,,,,
2026-10-01 12:43:09,2026-10-02,14:45 - 15:00,2026-10-02 13:00,2026-09-30 22:10:12.932,,,,
2026-10-01 12:43:09,2026-10-02,15:00 - 15:15,2026-10-02 13:15,2026-09-30 22:10:12.932,,,,
2026-10-01 12:43:09,2026-10-02,15:15 - 15:30,2026-10-02 13:30,2026-09-30 22:10:12.932,,,,
2026-10-01 12:43:09,2026-10-02,15:30 - 15:45,2026-10-02 13:45,2026-09-30 22:10:12.932,,,,
2026-10-01 12:43:09,2026-10-02,15:45 - 16:00,2026-10-02 14:00,2026-09-30 22:10:12.932,,,,
2026-10-01 12:43:09,2026-10-02,16:00 - 16:15,2026-10-02 14:15,2026-09-30 22:10:12.932,,,,
2026-10-01 12:43:09,2026-10-02,16:15 - 16:30,2026-10-02 14:30,2026-09-30 22:10:12.932,,,,
2026-10-01 12:43:09,2026-10-02,16:30 - 16:45,2026-10-02 14:45,2026-09-30 22:10:12.932,,,,
2026-10-01 12:43:09,2026-10-02,16:45 - 17:00,2026-10-02 15:00,2026-09-30 22:10:12.932,,,,
2026-10-01 12:43:09,2026-10-02,17:00 - 17:15,2026-10-02 15:15,2026-09-30 22:10:12.932,,,,
2026-10-01 12:43:09,2026-10-02,17:15 - 17:30,2026-10-02 15:30,2026-09-30 22:10:12.932,,,,
2026-10-01 12:43:09,2026-10-02,17:30 - 17:45,2026-10-02 15:45,2026-09-30 22:10:12.932,,,,
2026-10-01 12:43:09,2026-10-02,17:45 - 18:00,2026-10-02 16:00,2026-09-30 22:10:12.932,,,,
2026-10-01 12:43:09,2026-10-02,18:00 - 18:15,2026-10-02 16:15,2026-09-30 22:10:12.932,,,,
2026-10-01 12:43:09,2026-10-02,18:15 - 18:30,2026-10-02 16:30,2026-09-30 22:10:12.932,,,,
2026-10-01 12:43:09,2026-10-02,18:30 - 18:45,2026-10-02 16:45,2026-09-30 22:10:12.932,,,,
2026-10-01 12:43:09,2026-10-02,18:45 - 19:00,2026-10-02 17:00,2026-09-30 22:10:12.932,,,,
2026-10-01 12:43:09,2026-10-02,19:00 - 19:15,2026-10-02 17:15,2026-09-30 22:10:12.932,,,,
2026-10-01 12:43:09,2026-10-02,19:15 - 19:30,2026-10-02 17:30,2026-09-30 22:10:12.932,,,,
2026-10-01 12:43:09,2026-10-02,19:30 - 19:45,2026-10-02 17:45,2026-09-30 22:10:12.932,,,,
2026-10-01 12:43:09,2026-10-02,19:45 - 20:00,2026-10-02 18:00,2026-09-30 22:10:12.932,,,,
2026-10-01 12:43:09,2026-10-02,20:00 - 20:15,2026-10-02 18:15,2026-09-30 22:10:12.932,,,,
2026-10-01 12:43:09,2026-10-02,20:15 - 20:30,2026-10-02 18:30,2026-09-30 22:10:12.932,,,,
2026-10-01 12:43:09,2026-10-02,20:30 - 20:45,2026-10-02 18:45,2026-09-30 22:10:12.932,,,,
2026-10-01 12:43:09,2026-10-02,20:45 - 21:00,2026-10-02 19:00,2026-09-30 22:10:12.932,,,,
2026-10-01 12:43:09,2026-10-02,21:00 - 21:15,2026-10-02 19:15,2026-09-30 22:10:12.932,,,,
2026-10-01 12:43:09,2026-10-02,21:15 - 21:30,2026-10-02 19:30,2026-09-30 22:10:12.932,,,,
2026-10-01 12:43:09,2026-10-02,21:30 - 21:45,2026-10-02 19:45,2026-09-30 22:10:12.932,,,,
2026-10-01 12:43:09,2026-10-02,21:45 - 22:00,2026-10-02 20:00,2026-09-30 22:10:12.932,,,,
2026-10-01 12:43:09,2026-10-02,22:00 - 22:15,2026-10-02 20:15,2026-09-30 22:10:12.932,,,,
2026-10-01 12:43:09,2026-10-02,22:15 - 22:30,2026-10-02 20:30,2026-09-30 22:10:12.932,,,,
2026-10-01 12:43:09,2026-10-02,22:30 - 22:45,2026-10-02 20:45,2026-09-30 22:10:12.932,,,,
2026-10-01 12:43:09,2026-10-02,22:45 - 23:00,2026-10-02 21:00,2026-09-30 22:10:12.932,,,,
2026-10-01 12:43:09,2026-10-02,23:00 - 23:15,2026-10-02 21:15,2026-09-30 22:10:12.932,,,,
2026-10-01 12:43:09,2026-10-02,23:15 - 23:30,2026-10-02 21:30,2026-09-30 22:10:12.932,,,,
2026-10-01 12:43:09,2026-10-02,23:30 - 23:45,2026-10-02 21:45,2026-09-30 22:10:12.932,,,,
2026-10-01 12:43:09,2026-10-02,23:45 - 24:00,2026-10-02 22:00,2026-09-30 22:10:12.932,,,,
2026-10-02 03:16:29,2026-10-03,00:00 - 00:15,2026-10-02 22:15,2026-10-01 22:10:12.980,,,,
2026-10-02 03:16:29,2026-10-03,00:15 - 00:30,2026-10-02 22:30,2026-10-01 22:10:12.980,,,,
2026-10-02 03:16:29,2026-10-03,00:30 - 00:45,2026-10-02 22:45,2026-10-01 22:10:12.980,,,,
2026-10-02 03:16:29,2026-10-03,00:45 - 01:00,2026-10-02 23:00,2026-10-01 22:10:12.980,,,,
2026-10-02 03:16:29,2026-10-03,01:00 - 01:15,2026-10-02 23:15,2026-10-01 22:10:12.980,,,,
2026-10-02 03:16:29,2026-10-03,01:15 - 01:30,2026-10-02 23:30,2026-10-01 22:10:12.980,,,,
2026-10-02 03:16:29,2026-10-03,01:30 - 01:45,2026-10-02 23:45,2026-10-01 22:10:12.980,,,,
2026-10-02 03:16:29,2026-10-03,01:45 - 02:00,2026-10-03 00:00,2026-10-01 22:10:12.980,,,,
2026-10-02 03:16:29,2026-10-03,02:00 - 02:15,2026-10-03 00:15,2026-10-01 22:10:12.980,,,,
2026-10-02 03:16:29,2026-10-03,02:15 - 02:30,2026-10-03 00:30,2026-10-01 22:10:12.980,,,,
2026-10-02 03:16:29,2026-10-03,02:30 - 02:45,2026-10-03 00:45,2026-10-01 22:10:12.980,,,,
2026-10-02 03:16:29,2026-10-03,02:45 - 03:00,2026-10-03 01:00,2026-10-01 22:10:12.980,,,,
2026-10-02 03:16:29,2026-10-03,03:00 - 03:15,2026-10-03 01:15,2026-10-01 22:10:12.980,,,,
2026-10-02 03:16:29,2026-10-03,03:15 - 03:30,2026-10-03 01:30,2026-10-01 22:10:12.980,,,,
2026-10-02 03:16:29,2026-10-03,03:30 - 03:45,2026-10-03 01:45,2026-10-01 22:10:12.980,,,,
2026-10-02 03:16:29,2026-10-03,03:45 - 04:00,2026-10-03 02:00,2026-10-01 22:10:12.980,,,,
2026-10-02 03:16:29,2026-10-03,04:00 - 04:15,2026-10-03 02:15,2026-10-01 22:10:12.980,,,,
2026-10-02 03:16:29,2026-10-03,04:15 - 04:30,2026-10-03 02:30,2026-10-01 22:10:12.980,,,,
2026-10-02 03:16:29,2026-10-03,04:30 - 04:45,2026-10-03 02:45,2026-10-01 22:10:12.980,,,,
2026-10-02 03:16:29,2026-10-03,04:45 - 05:00,2026-10-03 03:00,2026-10-01 22:10:12.980,,,,
2026-10-02 03:16:29,2026-10-03,05:00 - 05:15,2026-10-03 03:15,2026-10-01 22:10:12.980,,,,
2026-10-02 03:16:29,2026-10-03,05:15 - 05:30,2026-10-03 03:30,2026-10-01 22:10:12.980,,,,
2026-10-02 03:16:29,2026-10-03,05:30 - 05:45,2026-10-03 03:45,2026-10-01 22:10:12.980,,,,
2026-10-02 03:16:29,2026-10-03,05:45 - 06:00,2026-10-03 04:00,2026-10-01 22:10:12.980,,,,
2026-10-02 03:16:29,2026-10-03,06:00 - 06:15,2026-10-03 04:15,2026-10-01 22:10:12.980,,,,
2026-10-02 03:16:29,2026-10-03,06:15 - 06:30,2026-10-03 04:30,2026-10-01 22:10:12.980,,,,
2026-10-02 03:16:29,2026-10-03,06:30 - 06:45,2026-10-03 04:45,2026-10-01 22:10:12.980,,,,
2026-10-02 03:16:29,2026-10-03,06:45 - 07:00,2026-10-03 05:00,2026-10-01 22:10:12.980,,,,
2026-10-02 03:16:29,2026-10-03,07:00 - 07:15,2026-10-03 05:15,2026-10-01 22:10:12.980,,,,
2026-10-02 03:16:29,2026-10-03,07:15 - 07:30,2026-10-03 05:30,2026-10-01 22:10:12.980,,,,
2026-10-02 03:16:29,2026-10-03,07:30 - 07:45,2026-10-03 05:45,2026-10-01 22:10:12.980,,,,
2026-10-02 03:16:29,2026-10-03,07:45 - 08:00,2026-10-03 06:00,2026-10-01 22:10:12.980,,,,
2026-10-02 03:16:29,2026-10-03,08:00 - 08:15,2026-10-03 06:15,2026-10-01 22:10:12.980,,,,
2026-10-02 03:16:29,2026-10-03,08:15 - 08:30,2026-10-03 06:30,2026-10-01 22:10:12.980,,,,
2026-10-02 03:16:29,2026-10-03,08:30 - 08:45,2026-10-03 06:45,2026-10-01 22:10:12.980,,,,
2026-10-02 03:16:29,2026-10-03,08:45 - 09:00,2026-10-03 07:00,2026-10-01 22:10:12.980,,,,
2026-10-02 03:16:29,2026-10-03,09:00 - 09:15,2026-10-03 07:15,2026-10-01 22:10:12.980,,,,
2026-10-02 03:16:29,2026-10-03,09:15 - 09:30,2026-10-03 07:30,2026-10-01 22:10:12.980,,,,
2026-10-02 03:16:29,2026-10-03,09:30 - 09:45,2026-10-03 07:45,2026-10-01 22:10:12.980,,,,
2026-10-02 03:16:29,2026-10-03,09:45 - 10:00,2026-10-03 08:00,2026-10-01 22:10:12.980,,,,
2026-10-02 03:16:29,2026-10-03,10:00 - 10:15,2026-10-03 08:15,2026-10-01 22:10:12.980,,,,
2026-10-02 03:16:29,2026-10-03,10:15 - 10:30,2026-10-03 08:30,2026-10-01 22:10:12.980,,,,
2026-10-02 03:16:29,2026-10-03,10:30 - 10:45,2026-10-03 08:45,2026-10-01 22:10:12.980,,,,
2026-10-02 03:16:29,2026-10-03,10:45 - 11:00,2026-10-03 09:00,2026-10-01 22:10:12.980,,,,
2026-10-02 03:16:29,2026-10-03,11:00 - 11:15,2026-10-03 09:15,2026-10-01 22:10:12.980,,,,
2026-10-02 03:16:29,2026-10-03,11:15 - 11:30,2026-10-03 09:30,2026-10-01 22:10:12.980,,,,
2026-10-02 03:16:29,2026-10-03,11:30 - 11:45,2026-10-03 09:45,2026-10-01 22:10:12.980,,,,
2026-10-02 03:16:29,2026-10-03,11:45 - 12:00,2026-10-03 10:00,2026-10-01 22:10:12.980,,,,
2026-10-02 03:16:29,2026-10-03,12:00 - 12:15,2026-10-03 10:15,2026-10-01 22:10:12.980,,,,
2026-10-02 03:16:29,2026-10-03,12:15 - 12:30,2026-10-03 10:30,2026-10-01 22:10:12.980,,,,
2026-10-02 03:16:29,2026-10-03,12:30 - 12:45,2026-10-03 10:45,2026-10-01 22:10:12.980,,,,
2026-10-02 03:16:29,2026-10-03,12:45 - 13:00,2026-10-03 11:00,2026-10-01 22:10:12.980,,,,
2026-10-02 03:16:29,2026-10-03,13:00 - 13:15,2026-10-03 11:15,2026-10-01 22:10:12.980,,,,
2026-10-02 03:16:29,2026-10-03,13:15 - 13:30,2026-10-03 11:30,2026-10-01 22:10:12.980,,,,
2026-10-02 03:16:29,2026-10-03,13:30 - 13:45,2026-10-03 11:45,2026-10-01 22:10:12.980,,,,
2026-10-02 03:16:29,2026-10-03,13:45 - 14:00,2026-10-03 12:00,2026-10-01 22:10:12.980,,,,
2026-10-02 03:16:29,2026-10-03,14:00 - 14:15,2026-10-03 12:15,2026-10-01 22:10:12.980,,,,
2026-10-02 03:16:29,2026-10-03,14:15 - 14:30,2026-10-03 12:30,2026-10-01 22:10:12.980,,,,
2026-10-02 03:16:29,2026-10-03,14:30 - 14:45,2026-10-03 12:45,2026-10-01 22:10:12.980,,,,
2026-10-02 03:16:29,2026-10-03,14:45 - 15:00,2026-10-03 13:00,2026-10-01 22:10:12.980,,,,
2026-10-02 03:16:29,2026-10-03,15:00 - 15:15,2026-10-03 13:15,2026-10-01 22:10:12.980,,,,
2026-10-02 03:16:29,2026-10-03,15:15 - 15:30,2026-10-03 13:30,2026-10-01 22:10:12.980,,,,
2026-10-02 03:16:29,2026-10-03,15:30 - 15:45,2026-10-03 13:45,2026-10-01 22:10:12.980,,,,
2026-10-02 03:16:29,2026-10-03,15:45 - 16:00,2026-10-03 14:00,2026-10-01 22:10:12.980,,,,
2026-10-02 03:16:29,2026-10-03,16:00 - 16:15,2026-10-03 14:15,2026-10-01 22:10:12.980,,,,
2026-10-02 03:16:29,2026-10-03,16:15 - 16:30,2026-10-03 14:30,2026-10-01 22:10:12.980,,,,
2026-10-02 03:16:29,2026-10-03,16:30 - 16:45,2026-10-03 14:45,2026-10-01 22:10:12.980,,,,
2026-10-02 03:16:29,2026-10-03,16:45 - 17:00,2026-10-03 15:00,2026-10-01 22:10:12.980,,,,
2026-10-02 03:16:29,2026-10-03,17:00 - 17:15,2026-10-03 15:15,2026-10-01 22:10:12.980,,,,
2026-10-02 03:16:29,2026-10-03,17:15 - 17:30,2026-10-03 15:30,2026-10-01 22:10:12.980,,,,
2026-10-02 03:16:29,2026-10-03,17:30 - 17:45,2026-10-03 15:45,2026-10-01 22:10:12.980,,,,
2026-10-02 03:16:29,2026-10-03,17:45 - 18:00,2026-10-03 16:00,2026-10-01 22:10:12.980,,,,
2026-10-02 03:16:29,2026-10-03,18:00 - 18:15,2026-10-03 16:15,2026-10-01 22:10:12.980,,,,
2026-10-02 03:16:29,2026-10-03,18:15 - 18:30,2026-10-03 16:30,2026-10-01 22:10:12.980,,,,
2026-10-02 03:16:29,2026-10-03,18:30 - 18:45,2026-10-03 16:45,2026-10-01 22:10:12.980,,,,
2026-10-02 03:16:29,2026-10-03,18:45 - 19:00,2026-10-03 17:00,2026-10-01 22:10:12.980,,,,
2026-10-02 03:16:29,2026-10-03,19:00 - 19:15,2026-10-03 17:15,2026-10-01 22:10:12.980,,,,
2026-10-02 03:16:29,2026-10-03,19:15 - 19:30,2026-10-03 17:30,2026-10-01 22:10:12.980,,,,
2026-10-02 03:16:29,2026-10-03,19:30 - 19:45,2026-10-03 17:45,2026-10-01 22:10:12.980,,,,
2026-10-02 03:16:29,2026-10-03,19:45 - 20:00,2026-10-03 18:00,2026-10-01 22:10:12.980,,,,
2026-10-02 03:16:29,2026-10-03,20:00 - 20:15,2026-10-03 18:15,2026-10-01 22:10:12.980,,,,
2026-10-02 03:16:29,2026-10-03,20:15 - 20:30,2026-10-03 18:30,2026-10-01 22:10:12.980,,,,
2026-10-02 03:16:29,2026-10-03,20:30 - 20:45,2026-10-03 18:45,2026-10-01 22:10:12.980,,,,
2026-10-02 03:16:29,2026-10-03,20:45 - 21:00,2026-10-03 19:00,2026-10-01 22:10:12.980,,,,
2026-10-02 03:16:29,2026-10-03,21:00 - 21:15,2026-10-03 19:15,2026-10-01 22:10:12.980,,,,
2026-10-02 03:16:29,2026-10-03,21:15 - 21:30,2026-10-03 19:30,2026-10-01 22:10:12.980,,,,
2026-10-02 03:16:29,2026-10-03,21:30 - 21:45,2026-10-03 19:45,2026-10-01 22:10:12.980,,,,
2026-10-02 03:16:29,2026-10-03,21:45 - 22:00,2026-10-03 20:00,2026-10-01 22:10:12.980,,,,
2026-10-02 03:16:29,2026-10-03,22:00 - 22:15,2026-10-03 20:15,2026-10-01 22:10:12.980,,,,
2026-10-02 03:16:29,2026-10-03,22:15 - 22:30,2026-10-03 20:30,2026-10-01 22:10:12.980,,,,
2026-10-02 03:16:29,2026-10-03,22:30 - 22:45,2026-10-03 20:45,2026-10-01 22:10:12.980,,,,
2026-10-02 03:16:29,2026-10-03,22:45 - 23:00,2026-10-03 21:00,2026-10-01 22:10:12.980,,,,
2026-10-02 03:16:29,2026-10-03,23:00 - 23:15,2026-10-03 21:15,2026-10-01 22:10:12.980,,,,
2026-10-02 03:16:29,2026-10-03,23:15 - 23:30,2026-10-03 21:30,2026-10-01 22:10:12.980,,,,
2026-10-02 03:16:29,2026-10-03,23:30 - 23:45,2026-10-03 21:45,2026-10-01 22:10:12.980,,,,
2026-10-02 03:16:29,2026-10-03,23:45 - 24:00,2026-10-03 22:00,2026-10-01 22:10:12.980,,,,
2026-10-02 09:46:14,2026-10-02,00:00 - 00:15,2026-10-01 22:15,2026-10-02 09:34:36.778,,,,
2026-10-02 09:46:14,2026-10-02,00:15 - 00:30,2026-10-01 22:30,2026-10-02 09:34:36.778,,,,
2026-10-02 09:46:14,2026-10-02,00:30 - 00:45,2026-10-01 22:45,2026-10-02 09:34:36.778,,,,
2026-10-02 09:46:14,2026-10-02,00:45 - 01:00,2026-10-01 23:00,2026-10-02 09:34:36.778,,,,
2026-10-02 09:46:14,2026-10-02,01:00 - 01:15,2026-10-01 23:15,2026-10-02 09:34:36.778,,,,
2026-10-02 09:46:14,2026-10-02,01:15 - 01:30,2026-10-01 23:30,2026-10-02 09:34:36.778,,,,
2026-10-02 09:46:14,2026-10-02,01:30 - 01:45,2026-10-01 23:45,2026-10-02 09:34:36.778,,,,
2026-10-02 09:46:14,2026-10-02,01:45 - 02:00,2026-10-02 00:00,2026-10-02 09:34:36.778,,,,
2026-10-02 09:46:14,2026-10-02,02:00 - 02:15,2026-10-02 00:15,2026-10-02 09:34:36.778,,,,
2026-10-02 09:46:14,2026-10-02,02:15 - 02:30,2026-10-02 00:30,2026-10-02 09:34:36.778,,,,
2026-10-02 09:46:14,2026-10-02,02:30 - 02:45,2026-10-02 00:45,2026-10-02 09:34:36.778,,,,
2026-10-02 09:46:14,2026-10-02,02:45 - 03:00,2026-10-02 01:00,2026-10-02 09:34:36.778,,,,
2026-10-02 09:46:14,2026-10-02,03:00 - 03:15,2026-10-02 01:15,2026-10-02 09:34:36.778,,,,
2026-10-02 09:46:14,2026-10-02,03:15 - 03:30,2026-10-02 01:30,2026-10-02 09:34:36.778,,,,
2026-10-02 09:46:14,2026-10-02,03:30 - 03:45,2026-10-02 01:45,2026-10-02 09:34:36.778,,,,
2026-10-02 09:46:14,2026-10-02,03:45 - 04:00,2026-10-02 02:00,2026-10-02 09:34:36.778,,,,
2026-10-02 09:46:14,2026-10-02,04:00 - 04:15,2026-10-02 02:15,2026-10-02 09:34:36.778,,,,
2026-10-02 09:46:14,2026-10-02,04:15 - 04:30,2026-10-02 02:30,2026-10-02 09:34:36.778,,,,
2026-10-02 09:46:14,2026-10-02,04:30 - 04:45,2026-10-02 02:45,2026-10-02 09:34:36.778,,,,
2026-10-02 09:46:14,2026-10-02,04:45 - 05:00,2026-10-02 03:00,2026-10-02 09:34:36.778,,,,
2026-10-02 09:46:14,2026-10-02,05:00 - 05:15,2026-10-02 03:15,2026-10-02 09:34:36.778,,,,
2026-10-02 09:46:14,2026-10-02,05:15 - 05:30,2026-10-02 03:30,2026-10-02 09:34:36.778,,,,
2026-10-02 09:46:14,2026-10-02,05:30 - 05:45,2026-10-02 03:45,2026-10-02 09:34:36.778,,,,
2026-10-02 09:46:14,2026-10-02,05:45 - 06:00,2026-10-02 04:00,2026-10-02 09:34:36.778,,,,
2026-10-02 09:46:14,2026-10-02,06:00 - 06:15,2026-10-02 04:15,2026-10-02 09:34:36.778,,,,
2026-10-02 09:46:14,2026-10-02,06:15 - 06:30,2026-10-02 04:30,2026-10-02 09:34:36.778,,,,
2026-10-02 09:46:14,2026-10-02,06:30 - 06:45,2026-10-02 04:45,2026-10-02 09:34:36.778,,,,
2026-10-02 09:46:14,2026-10-02,06:45 - 07:00,2026-10-02 05:00,2026-10-02 09:34:36.778,,,,
2026-10-02 09:46:14,2026-10-02,07:00 - 07:15,2026-10-02 05:15,2026-10-02 09:34:36.778,,,,
2026-10-02 09:46:14,2026-10-02,07:15 - 07:30,2026-10-02 05:30,2026-10-02 09:34:36.778,,,,
2026-10-02 09:46:14,2026-10-02,07:30 - 07:45,2026-10-02 05:45,2026-10-02 09:34:36.778,,,,
2026-10-02 09:46:14,2026-10-02,07:45 - 08:00,2026-10-02 06:00,2026-10-02 09:34:36.778,,,,
2026-10-02 09:46:14,2026-10-02,08:00 - 08:15,2026-10-02 06:15,2026-10-02 09:34:36.778,,,,
2026-10-02 09:46:14,2026-10-02,08:15 - 08:30,2026-10-02 06:30,2026-10-02 09:34:36.778,,,,
2026-10-02 09:46:14,2026-10-02,08:30 - 08:45,2026-10-02 06:45,2026-10-02 09:34:36.778,,,,
2026-10-02 09:46:14,2026-10-02,08:45 - 09:00,2026-10-02 07:00,2026-10-02 09:34:36.778,,,,
2026-10-02 09:46:14,2026-10-02,09:00 - 09:15,2026-10-02 07:15,2026-10-02 09:34:36.778,,,,
2026-10-02 09:46:14,2026-10-02,09:15 - 09:30,2026-10-02 07:30,2026-10-02 09:34:36.778,,,,
2026-10-02 09:46:14,2026-10-02,09:30 - 09:45,2026-10-02 07:45,2026-10-02 09:34:36.778,,,,
2026-10-02 09:46:14,2026-10-02,09:45 - 10:00,2026-10-02 08:00,2026-10-02 09:34:36.778,,,,
2026-10-02 09:46:14,2026-10-02,10:00 - 10:15,2026-10-02 08:15,2026-10-02 09:34:36.778,,,,
2026-10-02 09:46:14,2026-10-02,10:15 - 10:30,2026-10-02 08:30,2026-10-02 09:34:36.778,,,,
2026-10-02 09:46:14,2026-10-02,10:30 - 10:45,2026-10-02 08:45,2026-10-02 09:34:36.778,,,,
2026-10-02 09:46:14,2026-10-02,10:45 - 11:00,2026-10-02 09:00,2026-10-02 09:34:36.778,,,,
2026-10-02 09:46:14,2026-10-02,11:00 - 11:15,2026-10-02 09:15,2026-10-02 09:34:36.778,,,,
2026-10-02 09:46:14,2026-10-02,11:15 - 11:30,2026-10-02 09:30,2026-10-02 09:34:36.778,,,,
2026-10-02 09:46:14,2026-10-02,11:30 - 11:45,2026-10-02 09:45,2026-10-02 09:34:36.778,,,,
2026-10-02 09:46:14,2026-10-02,11:45 - 12:00,2026-10-02 10:00,2026-10-02 09:34:36.778,,,,
2026-10-02 09:46:14,2026-10-02,12:00 - 12:15,2026-10-02 10:15,2026-10-02 09:34:36.778,-800.0,,,
2026-10-02 09:46:14,2026-10-02,12:15 - 12:30,2026-10-02 10:30,2026-10-02 09:34:36.778,-800.0,,,
2026-10-02 09:46:14,2026-10-02,12:30 - 12:45,2026-10-02 10:45,2026-10-02 09:34:36.778,-800.0,,,
2026-10-02 09:46:14,2026-10-02,12:45 - 13:00,2026-10-02 11:00,2026-10-02 09:34:36.778,-800.0,,,
2026-10-02 09:46:14,2026-10-02,13:00 - 13:15,2026-10-02 11:15,2026-10-02 09:34:36.778,,,,
2026-10-02 09:46:14,2026-10-02,13:15 - 13:30,2026-10-02 11:30,2026-10-02 09:34:36.778,,,,
2026-10-02 09:46:14,2026-10-02,13:30 - 13:45,2026-10-02 11:45,2026-10-02 09:34:36.778,,,,
2026-10-02 09:46:14,2026-10-02,13:45 - 14:00,2026-10-02 12:00,2026-10-02 09:34:36.778,,,,
2026-10-02 09:46:14,2026-10-02,14:00 - 14:15,2026-10-02 12:15,2026-10-02 09:34:36.778,,,,
2026-10-02 09:46:14,2026-10-02,14:15 - 14:30,2026-10-02 12:30,2026-10-02 09:34:36.778,,,,
2026-10-02 09:46:14,2026-10-02,14:30 - 14:45,2026-10-02 12:45,2026-10-02 09:34:36.778,,,,
2026-10-02 09:46:14,2026-10-02,14:45 - 15:00,2026-10-02 13:00,2026-10-02 09:34:36.778,,,,
2026-10-02 09:46:14,2026-10-02,15:00 - 15:15,2026-10-02 13:15,2026-10-02 09:34:36.778,,,,
2026-10-02 09:46:14,2026-10-02,15:15 - 15:30,2026-10-02 13:30,2026-10-02 09:34:36.778,,,,
2026-10-02 09:46:14,2026-10-02,15:30 - 15:45,2026-10-02 13:45,2026-10-02 09:34:36.778,,,,
2026-10-02 09:46:14,2026-10-02,15:45 - 16:00,2026-10-02 14:00,2026-10-02 09:34:36.778,,,,
2026-10-02 09:46:14,2026-10-02,16:00 - 16:15,2026-10-02 14:15,2026-10-02 09:34:36.778,,,,
2026-10-02 09:46:14,2026-10-02,16:15 - 16:30,2026-10-02 14:30,2026-10-02 09:34:36.778,,,,
2026-10-02 09:46:14,2026-10-02,16:30 - 16:45,2026-10-02 14:45,2026-10-02 09:34:36.778,,,,
2026-10-02 09:46:14,2026-10-02,16:45 - 17:00,2026-10-02 15:00,2026-10-02 09:34:36.778,,,,
2026-10-02 09:46:14,2026-10-02,17:00 - 17:15,2026-10-02 15:15,2026-10-02 09:34:36.778,,,,
2026-10-02 09:46:14,2026-10-02,17:15 - 17:30,2026-10-02 15:30,2026-10-02 09:34:36.778,,,,
2026-10-02 09:46:14,2026-10-02,17:30 - 17:45,2026-10-02 15:45,2026-10-02 09:34:36.778,,,,
2026-10-02 09:46:14,2026-10-02,17:45 - 18:00,2026-10-02 16:00,2026-10-02 09:34:36.778,,,,
2026-10-02 09:46:14,2026-10-02,18:00 - 18:15,2026-10-02 16:15,2026-10-02 09:34:36.778,,,,
2026-10-02 09:46:14,2026-10-02,18:15 - 18:30,2026-10-02 16:30,2026-10-02 09:34:36.778,,,,
2026-10-02 09:46:14,2026-10-02,18:30 - 18:45,2026-10-02 16:45,2026-10-02 09:34:36.778,,,,
2026-10-02 09:46:14,2026-10-02,18:45 - 19:00,2026-10-02 17:00,2026-10-02 09:34:36.778,,,,
2026-10-02 09:46:14,2026-10-02,19:00 - 19:15,2026-10-02 17:15,2026-10-02 09:34:36.778,,,,
2026-10-02 09:46:14,2026-10-02,19:15 - 19:30,2026-10-02 17:30,2026-10-02 09:34:36.778,,,,
2026-10-02 09:46:14,2026-10-02,19:30 - 19:45,2026-10-02 17:45,2026-10-02 09:34:36.778,,,,
2026-10-02 09:46:14,2026-10-02,19:45 - 20:00,2026-10-02 18:00,2026-10-02 09:34:36.778,,,,
2026-10-02 09:46:14,2026-10-02,20:00 - 20:15,2026-10-02 18:15,2026-10-02 09:34:36.778,,,,
2026-10-02 09:46:14,2026-10-02,20:15 - 20:30,2026-10-02 18:30,2026-10-02 09:34:36.778,,,,
2026-10-02 09:46:14,2026-10-02,20:30 - 20:45,2026-10-02 18:45,2026-10-02 09:34:36.778,,,,
2026-10-02 09:46:14,2026-10-02,20:45 - 21:00,2026-10-02 19:00,2026-10-02 09:34:36.778,,,,
2026-10-02 09:46:14,2026-10-02,21:00 - 21:15,2026-10-02 19:15,2026-10-02 09:34:36.778,,,,
2026-10-02 09:46:14,2026-10-02,21:15 - 21:30,2026-10-02 19:30,2026-10-02 09:34:36.778,,,,
2026-10-02 09:46:14,2026-10-02,21:30 - 21:45,2026-10-02 19:45,2026-10-02 09:34:36.778,,,,
2026-10-02 09:46:14,2026-10-02,21:45 - 22:00,2026-10-02 20:00,2026-10-02 09:34:36.778,,,,
2026-10-02 09:46:14,2026-10-02,22:00 - 22:15,2026-10-02 20:15,2026-10-02 09:34:36.778,,,,
2026-10-02 09:46:14,2026-10-02,22:15 - 22:30,2026-10-02 20:30,2026-10-02 09:34:36.778,,,,
2026-10-02 09:46:14,2026-10-02,22:30 - 22:45,2026-10-02 20:45,2026-10-02 09:34:36.778,,,,
2026-10-02 09:46:14,2026-10-02,22:45 - 23:00,2026-10-02 21:00,2026-10-02 09:34:36.778,,,,
2026-10-02 09:46:14,2026-10-02,23:00 - 23:15,2026-10-02 21:15,2026-10-02 09:34:36.778,,,,
2026-10-02 09:46:14,2026-10-02,23:15 - 23:30,2026-10-02 21:30,2026-10-02 09:34:36.778,,,,
2026-10-02 09:46:14,2026-10-02,23:30 - 23:45,2026-10-02 21:45,2026-10-02 09:34:36.778,,,,
2026-10-02 09:46:14,2026-10-02,23:45 - 24:00,2026-10-02 22:00,2026-10-02 09:34:36.778,,,,
2026-10-02 10:41:58,2026-10-02,00:00 - 00:15,2026-10-01 22:15,2026-10-02 10:31:21.497,,,,
2026-10-02 10:41:58,2026-10-02,00:15 - 00:30,2026-10-01 22:30,2026-10-02 10:31:21.497,,,,
2026-10-02 10:41:58,2026-10-02,00:30 - 00:45,2026-10-01 22:45,2026-10-02 10:31:21.497,,,,
2026-10-02 10:41:58,2026-10-02,00:45 - 01:00,2026-10-01 23:00,2026-10-02 10:31:21.497,,,,
2026-10-02 10:41:58,2026-10-02,01:00 - 01:15,2026-10-01 23:15,2026-10-02 10:31:21.497,,,,
2026-10-02 10:41:58,2026-10-02,01:15 - 01:30,2026-10-01 23:30,2026-10-02 10:31:21.497,,,,
2026-10-02 10:41:58,2026-10-02,01:30 - 01:45,2026-10-01 23:45,2026-10-02 10:31:21.497,,,,
2026-10-02 10:41:58,2026-10-02,01:45 - 02:00,2026-10-02 00:00,2026-10-02 10:31:21.497,,,,
2026-10-02 10:41:58,2026-10-02,02:00 - 02:15,2026-10-02 00:15,2026-10-02 10:31:21.497,,,,
2026-10-02 10:41:58,2026-10-02,02:15 - 02:30,2026-10-02 00:30,2026-10-02 10:31:21.497,,,,
2026-10-02 10:41:58,2026-10-02,02:30 - 02:45,2026-10-02 00:45,2026-10-02 10:31:21.497,,,,
2026-10-02 10:41:58,2026-10-02,02:45 - 03:00,2026-10-02 01:00,2026-10-02 10:31:21.497,,,,
2026-10-02 10:41:58,2026-10-02,03:00 - 03:15,2026-10-02 01:15,2026-10-02 10:31:21.497,,,,
2026-10-02 10:41:58,2026-10-02,03:15 - 03:30,2026-10-02 01:30,2026-10-02 10:31:21.497,,,,
2026-10-02 10:41:58,2026-10-02,03:30 - 03:45,2026-10-02 01:45,2026-10-02 10:31:21.497,,,,
2026-10-02 10:41:58,2026-10-02,03:45 - 04:00,2026-10-02 02:00,2026-10-02 10:31:21.497,,,,
2026-10-02 10:41:58,2026-10-02,04:00 - 04:15,2026-10-02 02:15,2026-10-02 10:31:21.497,,,,
2026-10-02 10:41:58,2026-10-02,04:15 - 04:30,2026-10-02 02:30,2026-10-02 10:31:21.497,,,,
2026-10-02 10:41:58,2026-10-02,04:30 - 04:45,2026-10-02 02:45,2026-10-02 10:31:21.497,,,,
2026-10-02 10:41:58,2026-10-02,04:45 - 05:00,2026-10-02 03:00,2026-10-02 10:31:21.497,,,,
2026-10-02 10:41:58,2026-10-02,05:00 - 05:15,2026-10-02 03:15,2026-10-02 10:31:21.497,,,,
2026-10-02 10:41:58,2026-10-02,05:15 - 05:30,2026-10-02 03:30,2026-10-02 10:31:21.497,,,,
2026-10-02 10:41:58,2026-10-02,05:30 - 05:45,2026-10-02 03:45,2026-10-02 10:31:21.497,,,,
2026-10-02 10:41:58,2026-10-02,05:45 - 06:00,2026-10-02 04:00,2026-10-02 10:31:21.497,,,,
2026-10-02 10:41:58,2026-10-02,06:00 - 06:15,2026-10-02 04:15,2026-10-02 10:31:21.497,,,,
2026-10-02 10:41:58,2026-10-02,06:15 - 06:30,2026-10-02 04:30,2026-10-02 10:31:21.497,,,,
2026-10-02 10:41:58,2026-10-02,06:30 - 06:45,2026-10-02 04:45,2026-10-02 10:31:21.497,,,,
2026-10-02 10:41:58,2026-10-02,06:45 - 07:00,2026-10-02 05:00,2026-10-02 10:31:21.497,,,,
2026-10-02 10:41:58,2026-10-02,07:00 - 07:15,2026-10-02 05:15,2026-10-02 10:31:21.497,,,,
2026-10-02 10:41:58,2026-10-02,07:15 - 07:30,2026-10-02 05:30,2026-10-02 10:31:21.497,,,,
2026-10-02 10:41:58,2026-10-02,07:30 - 07:45,2026-10-02 05:45,2026-10-02 10:31:21.497,,,,
2026-10-02 10:41:58,2026-10-02,07:45 - 08:00,2026-10-02 06:00,2026-10-02 10:31:21.497,,,,
2026-10-02 10:41:58,2026-10-02,08:00 - 08:15,2026-10-02 06:15,2026-10-02 10:31:21.497,,,,
2026-10-02 10:41:58,2026-10-02,08:15 - 08:30,2026-10-02 06:30,2026-10-02 10:31:21.497,,,,
2026-10-02 10:41:58,2026-10-02,08:30 - 08:45,2026-10-02 06:45,2026-10-02 10:31:21.497,,,,
2026-10-02 10:41:58,2026-10-02,08:45 - 09:00,2026-10-02 07:00,2026-10-02 10:31:21.497,,,,
2026-10-02 10:41:58,2026-10-02,09:00 - 09:15,2026-10-02 07:15,2026-10-02 10:31:21.497,,,,
2026-10-02 10:41:58,2026-10-02,09:15 - 09:30,2026-10-02 07:30,2026-10-02 10:31:21.497,,,,
2026-10-02 10:41:58,2026-10-02,09:30 - 09:45,2026-10-02 07:45,2026-10-02 10:31:21.497,,,,
2026-10-02 10:41:58,2026-10-02,09:45 - 10:00,2026-10-02 08:00,2026-10-02 10:31:21.497,,,,
2026-10-02 10:41:58,2026-10-02,10:00 - 10:15,2026-10-02 08:15,2026-10-02 10:31:21.497,,,,
2026-10-02 10:41:58,2026-10-02,10:15 - 10:30,2026-10-02 08:30,2026-10-02 10:31:21.497,,,,
2026-10-02 10:41:58,2026-10-02,10:30 - 10:45,2026-10-02 08:45,2026-10-02 10:31:21.497,,,,
2026-10-02 10:41:58,2026-10-02,10:45 - 11:00,2026-10-02 09:00,2026-10-02 10:31:21.497,,,,
2026-10-02 10:41:58,2026-10-02,11:00 - 11:15,2026-10-02 09:15,2026-10-02 10:31:21.497,,,,
2026-10-02 10:41:58,2026-10-02,11:15 - 11:30,2026-10-02 09:30,2026-10-02 10:31:21.497,,,,
2026-10-02 10:41:58,2026-10-02,11:30 - 11:45,2026-10-02 09:45,2026-10-02 10:31:21.497,,,,
2026-10-02 10:41:58,2026-10-02,11:45 - 12:00,2026-10-02 10:00,2026-10-02 10:31:21.497,,,,
2026-10-02 10:41:58,2026-10-02,12:00 - 12:15,2026-10-02 10:15,2026-10-02 10:31:21.497,-800.0,,,
2026-10-02 10:41:58,2026-10-02,12:15 - 12:30,2026-10-02 10:30,2026-10-02 10:31:21.497,-800.0,,,
2026-10-02 10:41:58,2026-10-02,12:30 - 12:45,2026-10-02 10:45,2026-10-02 10:31:21.497,-800.0,,,
2026-10-02 10:41:58,2026-10-02,12:45 - 13:00,2026-10-02 11:00,2026-10-02 10:31:21.497,-800.0,,,
2026-10-02 10:41:58,2026-10-02,13:00 - 13:15,2026-10-02 11:15,2026-10-02 10:31:21.497,-1219.4,,,
2026-10-02 10:41:58,2026-10-02,13:15 - 13:30,2026-10-02 11:30,2026-10-02 10:31:21.497,-1219.4,,,
2026-10-02 10:41:58,2026-10-02,13:30 - 13:45,2026-10-02 11:45,2026-10-02 10:31:21.497,-1219.4,,,
2026-10-02 10:41:58,2026-10-02,13:45 - 14:00,2026-10-02 12:00,2026-10-02 10:31:21.497,-1219.4,,,
2026-10-02 10:41:58,2026-10-02,14:00 - 14:15,2026-10-02 12:15,2026-10-02 10:31:21.497,,,,
2026-10-02 10:41:58,2026-10-02,14:15 - 14:30,2026-10-02 12:30,2026-10-02 10:31:21.497,,,,
2026-10-02 10:41:58,2026-10-02,14:30 - 14:45,2026-10-02 12:45,2026-10-02 10:31:21.497,,,,
2026-10-02 10:41:58,2026-10-02,14:45 - 15:00,2026-10-02 13:00,2026-10-02 10:31:21.497,,,,
2026-10-02 10:41:58,2026-10-02,15:00 - 15:15,2026-10-02 13:15,2026-10-02 10:31:21.497,,,,
2026-10-02 10:41:58,2026-10-02,15:15 - 15:30,2026-10-02 13:30,2026-10-02 10:31:21.497,,,,
2026-10-02 10:41:58,2026-10-02,15:30 - 15:45,2026-10-02 13:45,2026-10-02 10:31:21.497,,,,
2026-10-02 10:41:58,2026-10-02,15:45 - 16:00,2026-10-02 14:00,2026-10-02 10:31:21.497,,,,
2026-10-02 10:41:58,2026-10-02,16:00 - 16:15,2026-10-02 14:15,2026-10-02 10:31:21.497,,,,
2026-10-02 10:41:58,2026-10-02,16:15 - 16:30,2026-10-02 14:30,2026-10-02 10:31:21.497,,,,
2026-10-02 10:41:58,2026-10-02,16:30 - 16:45,2026-10-02 14:45,2026-10-02 10:31:21.497,,,,
2026-10-02 10:41:58,2026-10-02,16:45 - 17:00,2026-10-02 15:00,2026-10-02 10:31:21.497,,,,
2026-10-02 10:41:58,2026-10-02,17:00 - 17:15,2026-10-02 15:15,2026-10-02 10:31:21.497,,,,
2026-10-02 10:41:58,2026-10-02,17:15 - 17:30,2026-10-02 15:30,2026-10-02 10:31:21.497,,,,
2026-10-02 10:41:58,2026-10-02,17:30 - 17:45,2026-10-02 15:45,2026-10-02 10:31:21.497,,,,
2026-10-02 10:41:58,2026-10-02,17:45 - 18:00,2026-10-02 16:00,2026-10-02 10:31:21.497,,,,
2026-10-02 10:41:58,2026-10-02,18:00 - 18:15,2026-10-02 16:15,2026-10-02 10:31:21.497,,,,
2026-10-02 10:41:58,2026-10-02,18:15 - 18:30,2026-10-02 16:30,2026-10-02 10:31:21.497,,,,
2026-10-02 10:41:58,2026-10-02,18:30 - 18:45,2026-10-02 16:45,2026-10-02 10:31:21.497,,,,
2026-10-02 10:41:58,2026-10-02,18:45 - 19:00,2026-10-02 17:00,2026-10-02 10:31:21.497,,,,
2026-10-02 10:41:58,2026-10-02,19:00 - 19:15,2026-10-02 17:15,2026-10-02 10:31:21.497,,,,
2026-10-02 10:41:58,2026-10-02,19:15 - 19:30,2026-10-02 17:30,2026-10-02 10:31:21.497,,,,
2026-10-02 10:41:58,2026-10-02,19:30 - 19:45,2026-10-02 17:45,2026-10-02 10:31:21.497,,,,
2026-10-02 10:41:58,2026-10-02,19:45 - 20:00,2026-10-02 18:00,2026-10-02 10:31:21.497,,,,
2026-10-02 10:41:58,2026-10-02,20:00 - 20:15,2026-10-02 18:15,2026-10-02 10:31:21.497,,,,
2026-10-02 10:41:58,2026-10-02,20:15 - 20:30,2026-10-02 18:30,2026-10-02 10:31:21.497,,,,
2026-10-02 10:41:58,2026-10-02,20:30 - 20:45,2026-10-02 18:45,2026-10-02 10:31:21.497,,,,
2026-10-02 10:41:58,2026-10-02,20:45 - 21:00,2026-10-02 19:00,2026-10-02 10:31:21.497,,,,
2026-10-02 10:41:58,2026-10-02,21:00 - 21:15,2026-10-02 19:15,2026-10-02 10:31:21.497,,,,
2026-10-02 10:41:58,2026-10-02,21:15 - 21:30,2026-10-02 19:30,2026-10-02 10:31:21.497,,,,
2026-10-02 10:41:58,2026-10-02,21:30 - 21:45,2026-10-02 19:45,2026-10-02 10:31:21.497,,,,
2026-10-02 10:41:58,2026-10-02,21:45 - 22:00,2026-10-02 20:00,2026-10-02 10:31:21.497,,,,
2026-10-02 10:41:58,2026-10-02,22:00 - 22:15,2026-10-02 20:15,2026-10-02 10:31:21.497,,,,
2026-10-02 10:41:58,2026-10-02,22:15 - 22:30,2026-10-02 20:30,2026-10-02 10:31:21.497,,,,
2026-10-02 10:41:58,2026-10-02,22:30 - 22:45,2026-10-02 20:45,2026-10-02 10:31:21.497,,,,
2026-10-02 10:41:58,2026-10-02,22:45 - 23:00,2026-10-02 21:00,2026-10-02 10:31:21.497,,,,
2026-10-02 10:41:58,2026-10-02,23:00 - 23:15,2026-10-02 21:15,2026-10-02 10:31:21.497,,,,
2026-10-02 10:41:58,2026-10-02,23:15 - 23:30,2026-10-02 21:30,2026-10-02 10:31:21.497,,,,
2026-10-02 10:41:58,2026-10-02,23:30 - 23:45,2026-10-02 21:45,2026-10-02 10:31:21.497,,,,
2026-10-02 10:41:58,2026-10-02,23:45 - 24:00,2026-10-02 22:00,2026-10-02 10:31:21.497,,,,
2026-10-02 11:39:23,2026-10-02,00:00 - 00:15,2026-10-01 22:15,2026-10-02 11:33:47.054,,,,
2026-10-02 11:39:23,2026-10-02,00:15 - 00:30,2026-10-01 22:30,2026-10-02 11:33:47.054,,,,
2026-10-02 11:39:23,2026-10-02,00:30 - 00:45,2026-10-01 22:45,2026-10-02 11:33:47.054,,,,
2026-10-02 11:39:23,2026-10-02,00:45 - 01:00,2026-10-01 23:00,2026-10-02 11:33:47.054,,,,
2026-10-02 11:39:23,2026-10-02,01:00 - 01:15,2026-10-01 23:15,2026-10-02 11:33:47.054,,,,
2026-10-02 11:39:23,2026-10-02,01:15 - 01:30,2026-10-01 23:30,2026-10-02 11:33:47.054,,,,
2026-10-02 11:39:23,2026-10-02,01:30 - 01:45,2026-10-01 23:45,2026-10-02 11:33:47.054,,,,
2026-10-02 11:39:23,2026-10-02,01:45 - 02:00,2026-10-02 00:00,2026-10-02 11:33:47.054,,,,
2026-10-02 11:39:23,2026-10-02,02:00 - 02:15,2026-10-02 00:15,2026-10-02 11:33:47.054,,,,
2026-10-02 11:39:23,2026-10-02,02:15 - 02:30,2026-10-02 00:30,2026-10-02 11:33:47.054,,,,
2026-10-02 11:39:23,2026-10-02,02:30 - 02:45,2026-10-02 00:45,2026-10-02 11:33:47.054,,,,
2026-10-02 11:39:23,2026-10-02,02:45 - 03:00,2026-10-02 01:00,2026-10-02 11:33:47.054,,,,
2026-10-02 11:39:23,2026-10-02,03:00 - 03:15,2026-10-02 01:15,2026-10-02 11:33:47.054,,,,
2026-10-02 11:39:23,2026-10-02,03:15 - 03:30,2026-10-02 01:30,2026-10-02 11:33:47.054,,,,
2026-10-02 11:39:23,2026-10-02,03:30 - 03:45,2026-10-02 01:45,2026-10-02 11:33:47.054,,,,
2026-10-02 11:39:23,2026-10-02,03:45 - 04:00,2026-10-02 02:00,2026-10-02 11:33:47.054,,,,
2026-10-02 11:39:23,2026-10-02,04:00 - 04:15,2026-10-02 02:15,2026-10-02 11:33:47.054,,,,
2026-10-02 11:39:23,2026-10-02,04:15 - 04:30,2026-10-02 02:30,2026-10-02 11:33:47.054,,,,
2026-10-02 11:39:23,2026-10-02,04:30 - 04:45,2026-10-02 02:45,2026-10-02 11:33:47.054,,,,
2026-10-02 11:39:23,2026-10-02,04:45 - 05:00,2026-10-02 03:00,2026-10-02 11:33:47.054,,,,
2026-10-02 11:39:23,2026-10-02,05:00 - 05:15,2026-10-02 03:15,2026-10-02 11:33:47.054,,,,
2026-10-02 11:39:23,2026-10-02,05:15 - 05:30,2026-10-02 03:30,2026-10-02 11:33:47.054,,,,
2026-10-02 11:39:23,2026-10-02,05:30 - 05:45,2026-10-02 03:45,2026-10-02 11:33:47.054,,,,
2026-10-02 11:39:23,2026-10-02,05:45 - 06:00,2026-10-02 04:00,2026-10-02 11:33:47.054,,,,
2026-10-02 11:39:23,2026-10-02,06:00 - 06:15,2026-10-02 04:15,2026-10-02 11:33:47.054,,,,
2026-10-02 11:39:23,2026-10-02,06:15 - 06:30,2026-10-02 04:30,2026-10-02 11:33:47.054,,,,
2026-10-02 11:39:23,2026-10-02,06:30 - 06:45,2026-10-02 04:45,2026-10-02 11:33:47.054,,,,
2026-10-02 11:39:23,2026-10-02,06:45 - 07:00,2026-10-02 05:00,2026-10-02 11:33:47.054,,,,
2026-10-02 11:39:23,2026-10-02,07:00 - 07:15,2026-10-02 05:15,2026-10-02 11:33:47.054,,,,
2026-10-02 11:39:23,2026-10-02,07:15 - 07:30,2026-10-02 05:30,2026-10-02 11:33:47.054,,,,
2026-10-02 11:39:23,2026-10-02,07:30 - 07:45,2026-10-02 05:45,2026-10-02 11:33:47.054,,,,
2026-10-02 11:39:23,2026-10-02,07:45 - 08:00,2026-10-02 06:00,2026-10-02 11:33:47.054,,,,
2026-10-02 11:39:23,2026-10-02,08:00 - 08:15,2026-10-02 06:15,2026-10-02 11:33:47.054,,,,
2026-10-02 11:39:23,2026-10-02,08:15 - 08:30,2026-10-02 06:30,2026-10-02 11:33:47.054,,,,
2026-10-02 11:39:23,2026-10-02,08:30 - 08:45,2026-10-02 06:45,2026-10-02 11:33:47.054,,,,
2026-10-02 11:39:23,2026-10-02,08:45 - 09:00,2026-10-02 07:00,2026-10-02 11:33:47.054,,,,
2026-10-02 11:39:23,2026-10-02,09:00 - 09:15,2026-10-02 07:15,2026-10-02 11:33:47.054,,,,
2026-10-02 11:39:23,2026-10-02,09:15 - 09:30,2026-10-02 07:30,2026-10-02 11:33:47.054,,,,
2026-10-02 11:39:23,2026-10-02,09:30 - 09:45,2026-10-02 07:45,2026-10-02 11:33:47.054,,,,
2026-10-02 11:39:23,2026-10-02,09:45 - 10:00,2026-10-02 08:00,2026-10-02 11:33:47.054,,,,
2026-10-02 11:39:23,2026-10-02,10:00 - 10:15,2026-10-02 08:15,2026-10-02 11:33:47.054,,,,
2026-10-02 11:39:23,2026-10-02,10:15 - 10:30,2026-10-02 08:30,2026-10-02 11:33:47.054,,,,
2026-10-02 11:39:23,2026-10-02,10:30 - 10:45,2026-10-02 08:45,2026-10-02 11:33:47.054,,,,
2026-10-02 11:39:23,2026-10-02,10:45 - 11:00,2026-10-02 09:00,2026-10-02 11:33:47.054,,,,
2026-10-02 11:39:23,2026-10-02,11:00 - 11:15,2026-10-02 09:15,2026-10-02 11:33:47.054,,,,
2026-10-02 11:39:23,2026-10-02,11:15 - 11:30,2026-10-02 09:30,2026-10-02 11:33:47.054,,,,
2026-10-02 11:39:23,2026-10-02,11:30 - 11:45,2026-10-02 09:45,2026-10-02 11:33:47.054,,,,
2026-10-02 11:39:23,2026-10-02,11:45 - 12:00,2026-10-02 10:00,2026-10-02 11:33:47.054,,,,
2026-10-02 11:39:23,2026-10-02,12:00 - 12:15,2026-10-02 10:15,2026-10-02 11:33:47.054,-800.0,,,
2026-10-02 11:39:23,2026-10-02,12:15 - 12:30,2026-10-02 10:30,2026-10-02 11:33:47.054,-800.0,,,
2026-10-02 11:39:23,2026-10-02,12:30 - 12:45,2026-10-02 10:45,2026-10-02 11:33:47.054,-800.0,,,
2026-10-02 11:39:23,2026-10-02,12:45 - 13:00,2026-10-02 11:00,2026-10-02 11:33:47.054,-800.0,,,
2026-10-02 11:39:23,2026-10-02,13:00 - 13:15,2026-10-02 11:15,2026-10-02 11:33:47.054,-1219.4,,,
2026-10-02 11:39:23,2026-10-02,13:15 - 13:30,2026-10-02 11:30,2026-10-02 11:33:47.054,-1219.4,,,
2026-10-02 11:39:23,2026-10-02,13:30 - 13:45,2026-10-02 11:45,2026-10-02 11:33:47.054,-1219.4,,,
2026-10-02 11:39:23,2026-10-02,13:45 - 14:00,2026-10-02 12:00,2026-10-02 11:33:47.054,-1219.4,,,
2026-10-02 11:39:23,2026-10-02,14:00 - 14:15,2026-10-02 12:15,2026-10-02 11:33:47.054,-478.8,,,
2026-10-02 11:39:23,2026-10-02,14:15 - 14:30,2026-10-02 12:30,2026-10-02 11:33:47.054,-478.8,,,
2026-10-02 11:39:23,2026-10-02,14:30 - 14:45,2026-10-02 12:45,2026-10-02 11:33:47.054,-478.8,,,
2026-10-02 11:39:23,2026-10-02,14:45 - 15:00,2026-10-02 13:00,2026-10-02 11:33:47.054,-478.8,,,
2026-10-02 11:39:23,2026-10-02,15:00 - 15:15,2026-10-02 13:15,2026-10-02 11:33:47.054,,,,
2026-10-02 11:39:23,2026-10-02,15:15 - 15:30,2026-10-02 13:30,2026-10-02 11:33:47.054,,,,
2026-10-02 11:39:23,2026-10-02,15:30 - 15:45,2026-10-02 13:45,2026-10-02 11:33:47.054,,,,
2026-10-02 11:39:23,2026-10-02,15:45 - 16:00,2026-10-02 14:00,2026-10-02 11:33:47.054,,,,
2026-10-02 11:39:23,2026-10-02,16:00 - 16:15,2026-10-02 14:15,2026-10-02 11:33:47.054,,,,
2026-10-02 11:39:23,2026-10-02,16:15 - 16:30,2026-10-02 14:30,2026-10-02 11:33:47.054,,,,
2026-10-02 11:39:23,2026-10-02,16:30 - 16:45,2026-10-02 14:45,2026-10-02 11:33:47.054,,,,
2026-10-02 11:39:23,2026-10-02,16:45 - 17:00,2026-10-02 15:00,2026-10-02 11:33:47.054,,,,
2026-10-02 11:39:23,2026-10-02,17:00 - 17:15,2026-10-02 15:15,2026-10-02 11:33:47.054,,,,
2026-10-02 11:39:23,2026-10-02,17:15 - 17:30,2026-10-02 15:30,2026-10-02 11:33:47.054,,,,
2026-10-02 11:39:23,2026-10-02,17:30 - 17:45,2026-10-02 15:45,2026-10-02 11:33:47.054,,,,
2026-10-02 11:39:23,2026-10-02,17:45 - 18:00,2026-10-02 16:00,2026-10-02 11:33:47.054,,,,
2026-10-02 11:39:23,2026-10-02,18:00 - 18:15,2026-10-02 16:15,2026-10-02 11:33:47.054,,,,
2026-10-02 11:39:23,2026-10-02,18:15 - 18:30,2026-10-02 16:30,2026-10-02 11:33:47.054,,,,
2026-10-02 11:39:23,2026-10-02,18:30 - 18:45,2026-10-02 16:45,2026-10-02 11:33:47.054,,,,
2026-10-02 11:39:23,2026-10-02,18:45 - 19:00,2026-10-02 17:00,2026-10-02 11:33:47.054,,,,
2026-10-02 11:39:23,2026-10-02,19:00 - 19:15,2026-10-02 17:15,2026-10-02 11:33:47.054,,,,
2026-10-02 11:39:23,2026-10-02,19:15 - 19:30,2026-10-02 17:30,2026-10-02 11:33:47.054,,,,
2026-10-02 11:39:23,2026-10-02,19:30 - 19:45,2026-10-02 17:45,2026-10-02 11:33:47.054,,,,
2026-10-02 11:39:23,2026-10-02,19:45 - 20:00,2026-10-02 18:00,2026-10-02 11:33:47.054,,,,
2026-10-02 11:39:23,2026-10-02,20:00 - 20:15,2026-10-02 18:15,2026-10-02 11:33:47.054,,,,
2026-10-02 11:39:23,2026-10-02,20:15 - 20:30,2026-10-02 18:30,2026-10-02 11:33:47.054,,,,
2026-10-02 11:39:23,2026-10-02,20:30 - 20:45,2026-10-02 18:45,2026-10-02 11:33:47.054,,,,
2026-10-02 11:39:23,2026-10-02,20:45 - 21:00,2026-10-02 19:00,2026-10-02 11:33:47.054,,,,
2026-10-02 11:39:23,2026-10-02,21:00 - 21:15,2026-10-02 19:15,2026-10-02 11:33:47.054,,,,
2026-10-02 11:39:23,2026-10-02,21:15 - 21:30,2026-10-02 19:30,2026-10-02 11:33:47.054,,,,
2026-10-02 11:39:23,2026-10-02,21:30 - 21:45,2026-10-02 19:45,2026-10-02 11:33:47.054,,,,
2026-10-02 11:39:23,2026-10-02,21:45 - 22:00,2026-10-02 20:00,2026-10-02 11:33:47.054,,,,
2026-10-02 11:39:23,2026-10-02,22:00 - 22:15,2026-10-02 20:15,2026-10-02 11:33:47.054,,,,
2026-10-02 11:39:23,2026-10-02,22:15 - 22:30,2026-10-02 20:30,2026-10-02 11:33:47.054,,,,
2026-10-02 11:39:23,2026-10-02,22:30 - 22:45,2026-10-02 20:45,2026-10-02 11:33:47.054,,,,
2026-10-02 11:39:23,2026-10-02,22:45 - 23:00,2026-10-02 21:00,2026-10-02 11:33:47.054,,,,
2026-10-02 11:39:23,2026-10-02,23:00 - 23:15,2026-10-02 21:15,2026-10-02 11:33:47.054,,,,
2026-10-02 11:39:23,2026-10-02,23:15 - 23:30,2026-10-02 21:30,2026-10-02 11:33:47.054,,,,
2026-10-02 11:39:23,2026-10-02,23:30 - 23:45,2026-10-02 21:45,2026-10-02 11:33:47.054,,,,
2026-10-02 11:39:23,2026-10-02,23:45 - 24:00,2026-10-02 22:00,2026-10-02 11:33:47.054,,,,
2026-10-03 03:22:06,2026-10-04,00:00 - 00:15,2026-10-03 22:15,2026-10-02 22:10:12.678,,,,
2026-10-03 03:22:06,2026-10-04,00:15 - 00:30,2026-10-03 22:30,2026-10-02 22:10:12.678,,,,
2026-10-03 03:22:06,2026-10-04,00:30 - 00:45,2026-10-03 22:45,2026-10-02 22:10:12.678,,,,
2026-10-03 03:22:06,2026-10-04,00:45 - 01:00,2026-10-03 23:00,2026-10-02 22:10:12.678,,,,
2026-10-03 03:22:06,2026-10-04,01:00 - 01:15,2026-10-03 23:15,2026-10-02 22:10:12.678,,,,
2026-10-03 03:22:06,2026-10-04,01:15 - 01:30,2026-10-03 23:30,2026-10-02 22:10:12.678,,,,
2026-10-03 03:22:06,2026-10-04,01:30 - 01:45,2026-10-03 23:45,2026-10-02 22:10:12.678,,,,
2026-10-03 03:22:06,2026-10-04,01:45 - 02:00,2026-10-04 00:00,2026-10-02 22:10:12.678,,,,
2026-10-03 03:22:06,2026-10-04,02:00 - 02:15,2026-10-04 00:15,2026-10-02 22:10:12.678,,,,
2026-10-03 03:22:06,2026-10-04,02:15 - 02:30,2026-10-04 00:30,2026-10-02 22:10:12.678,,,,
2026-10-03 03:22:06,2026-10-04,02:30 - 02:45,2026-10-04 00:45,2026-10-02 22:10:12.678,,,,
2026-10-03 03:22:06,2026-10-04,02:45 - 03:00,2026-10-04 01:00,2026-10-02 22:10:12.678,,,,
2026-10-03 03:22:06,2026-10-04,03:00 - 03:15,2026-10-04 01:15,2026-10-02 22:10:12.678,,,,
2026-10-03 03:22:06,2026-10-04,03:15 - 03:30,2026-10-04 01:30,2026-10-02 22:10:12.678,,,,
2026-10-03 03:22:06,2026-10-04,03:30 - 03:45,2026-10-04 01:45,2026-10-02 22:10:12.678,,,,
2026-10-03 03:22:06,2026-10-04,03:45 - 04:00,2026-10-04 02:00,2026-10-02 22:10:12.678,,,,
2026-10-03 03:22:06,2026-10-04,04:00 - 04:15,2026-10-04 02:15,2026-10-02 22:10:12.678,,,,
2026-10-03 03:22:06,2026-10-04,04:15 - 04:30,2026-10-04 02:30,2026-10-02 22:10:12.678,,,,
2026-10-03 03:22:06,2026-10-04,04:30 - 04:45,2026-10-04 02:45,2026-10-02 22:10:12.678,,,,
2026-10-03 03:22:06,2026-10-04,04:45 - 05:00,2026-10-04 03:00,2026-10-02 22:10:12.678,,,,
2026-10-03 03:22:06,2026-10-04,05:00 - 05:15,2026-10-04 03:15,2026-10-02 22:10:12.678,,,,
2026-10-03 03:22:06,2026-10-04,05:15 - 05:30,2026-10-04 03:30,2026-10-02 22:10:12.678,,,,
2026-10-03 03:22:06,2026-10-04,05:30 - 05:45,2026-10-04 03:45,2026-10-02 22:10:12.678,,,,
2026-10-03 03:22:06,2026-10-04,05:45 - 06:00,2026-10-04 04:00,2026-10-02 22:10:12.678,,,,
2026-10-03 03:22:06,2026-10-04,06:00 - 06:15,2026-10-04 04:15,2026-10-02 22:10:12.678,,,,
2026-10-03 03:22:06,2026-10-04,06:15 - 06:30,2026-10-04 04:30,2026-10-02 22:10:12.678,,,,
2026-10-03 03:22:06,2026-10-04,06:30 - 06:45,2026-10-04 04:45,2026-10-02 22:10:12.678,,,,
2026-10-03 03:22:06,2026-10-04,06:45 - 07:00,2026-10-04 05:00,2026-10-02 22:10:12.678,,,,
2026-10-03 03:22:06,2026-10-04,07:00 - 07:15,2026-10-04 05:15,2026-10-02 22:10:12.678,,,,
2026-10-03 03:22:06,2026-10-04,07:15 - 07:30,2026-10-04 05:30,2026-10-02 22:10:12.678,,,,
2026-10-03 03:22:06,2026-10-04,07:30 - 07:45,2026-10-04 05:45,2026-10-02 22:10:12.678,,,,
2026-10-03 03:22:06,2026-10-04,07:45 - 08:00,2026-10-04 06:00,2026-10-02 22:10:12.678,,,,
2026-10-03 03:22:06,2026-10-04,08:00 - 08:15,2026-10-04 06:15,2026-10-02 22:10:12.678,,,,
2026-10-03 03:22:06,2026-10-04,08:15 - 08:30,2026-10-04 06:30,2026-10-02 22:10:12.678,,,,
2026-10-03 03:22:06,2026-10-04,08:30 - 08:45,2026-10-04 06:45,2026-10-02 22:10:12.678,,,,
2026-10-03 03:22:06,2026-10-04,08:45 - 09:00,2026-10-04 07:00,2026-10-02 22:10:12.678,,,,
2026-10-03 03:22:06,2026-10-04,09:00 - 09:15,2026-10-04 07:15,2026-10-02 22:10:12.678,,,,
2026-10-03 03:22:06,2026-10-04,09:15 - 09:30,2026-10-04 07:30,2026-10-02 22:10:12.678,,,,
2026-10-03 03:22:06,2026-10-04,09:30 - 09:45,2026-10-04 07:45,2026-10-02 22:10:12.678,,,,
2026-10-03 03:22:06,2026-10-04,09:45 - 10:00,2026-10-04 08:00,2026-10-02 22:10:12.678,,,,
2026-10-03 03:22:06,2026-10-04,10:00 - 10:15,2026-10-04 08:15,2026-10-02 22:10:12.678,,,,
2026-10-03 03:22:06,2026-10-04,10:15 - 10:30,2026-10-04 08:30,2026-10-02 22:10:12.678,,,,
2026-10-03 03:22:06,2026-10-04,10:30 - 10:45,2026-10-04 08:45,2026-10-02 22:10:12.678,,,,
2026-10-03 03:22:06,2026-10-04,10:45 - 11:00,2026-10-04 09:00,2026-10-02 22:10:12.678,,,,
2026-10-03 03:22:06,2026-10-04,11:00 - 11:15,2026-10-04 09:15,2026-10-02 22:10:12.678,,,,
2026-10-03 03:22:06,2026-10-04,11:15 - 11:30,2026-10-04 09:30,2026-10-02 22:10:12.678,,,,
2026-10-03 03:22:06,2026-10-04,11:30 - 11:45,2026-10-04 09:45,2026-10-02 22:10:12.678,,,,
2026-10-03 03:22:06,2026-10-04,11:45 - 12:00,2026-10-04 10:00,2026-10-02 22:10:12.678,,,,
2026-10-03 03:22:06,2026-10-04,12:00 - 12:15,2026-10-04 10:15,2026-10-02 22:10:12.678,,,,
2026-10-03 03:22:06,2026-10-04,12:15 - 12:30,2026-10-04 10:30,2026-10-02 22:10:12.678,,,,
2026-10-03 03:22:06,2026-10-04,12:30 - 12:45,2026-10-04 10:45,2026-10-02 22:10:12.678,,,,
2026-10-03 03:22:06,2026-10-04,12:45 - 13:00,2026-10-04 11:00,2026-10-02 22:10:12.678,,,,
2026-10-03 03:22:06,2026-10-04,13:00 - 13:15,2026-10-04 11:15,2026-10-02 22:10:12.678,,,,
2026-10-03 03:22:06,2026-10-04,13:15 - 13:30,2026-10-04 11:30,2026-10-02 22:10:12.678,,,,
2026-10-03 03:22:06,2026-10-04,13:30 - 13:45,2026-10-04 11:45,2026-10-02 22:10:12.678,,,,
2026-10-03 03:22:06,2026-10-04,13:45 - 14:00,2026-10-04 12:00,2026-10-02 22:10:12.678,,,,
2026-10-03 03:22:06,2026-10-04,14:00 - 14:15,2026-10-04 12:15,2026-10-02 22:10:12.678,,,,
2026-10-03 03:22:06,2026-10-04,14:15 - 14:30,2026-10-04 12:30,2026-10-02 22:10:12.678,,,,
2026-10-03 03:22:06,2026-10-04,14:30 - 14:45,2026-10-04 12:45,2026-10-02 22:10:12.678,,,,
2026-10-03 03:22:06,2026-10-04,14:45 - 15:00,2026-10-04 13:00,2026-10-02 22:10:12.678,,,,
2026-10-03 03:22:06,2026-10-04,15:00 - 15:15,2026-10-04 13:15,2026-10-02 22:10:12.678,,,,
2026-10-03 03:22:06,2026-10-04,15:15 - 15:30,2026-10-04 13:30,2026-10-02 22:10:12.678,,,,
2026-10-03 03:22:06,2026-10-04,15:30 - 15:45,2026-10-04 13:45,2026-10-02 22:10:12.678,,,,
2026-10-03 03:22:06,2026-10-04,15:45 - 16:00,2026-10-04 14:00,2026-10-02 22:10:12.678,,,,
2026-10-03 03:22:06,2026-10-04,16:00 - 16:15,2026-10-04 14:15,2026-10-02 22:10:12.678,,,,
2026-10-03 03:22:06,2026-10-04,16:15 - 16:30,2026-10-04 14:30,2026-10-02 22:10:12.678,,,,
2026-10-03 03:22:06,2026-10-04,16:30 - 16:45,2026-10-04 14:45,2026-10-02 22:10:12.678,,,,
2026-10-03 03:22:06,2026-10-04,16:45 - 17:00,2026-10-04 15:00,2026-10-02 22:10:12.678,,,,
2026-10-03 03:22:06,2026-10-04,17:00 - 17:15,2026-10-04 15:15,2026-10-02 22:10:12.678,,,,
2026-10-03 03:22:06,2026-10-04,17:15 - 17:30,2026-10-04 15:30,2026-10-02 22:10:12.678,,,,
2026-10-03 03:22:06,2026-10-04,17:30 - 17:45,2026-10-04 15:45,2026-10-02 22:10:12.678,,,,
2026-10-03 03:22:06,2026-10-04,17:45 - 18:00,2026-10-04 16:00,2026-10-02 22:10:12.678,,,,
2026-10-03 03:22:06,2026-10-04,18:00 - 18:15,2026-10-04 16:15,2026-10-02 22:10:12.678,,,,
2026-10-03 03:22:06,2026-10-04,18:15 - 18:30,2026-10-04 16:30,2026-10-02 22:10:12.678,,,,
2026-10-03 03:22:06,2026-10-04,18:30 - 18:45,2026-10-04 16:45,2026-10-02 22:10:12.678,,,,
2026-10-03 03:22:06,2026-10-04,18:45 - 19:00,2026-10-04 17:00,2026-10-02 22:10:12.678,,,,
2026-10-03 03:22:06,2026-10-04,19:00 - 19:15,2026-10-04 17:15,2026-10-02 22:10:12.678,,,,
2026-10-03 03:22:06,2026-10-04,19:15 - 19:30,2026-10-04 17:30,2026-10-02 22:10:12.678,,,,
2026-10-03 03:22:06,2026-10-04,19:30 - 19:45,2026-10-04 17:45,2026-10-02 22:10:12.678,,,,
2026-10-03 03:22:06,2026-10-04,19:45 - 20:00,2026-10-04 18:00,2026-10-02 22:10:12.678,,,,
2026-10-03 03:22:06,2026-10-04,20:00 - 20:15,2026-10-04 18:15,2026-10-02 22:10:12.678,,,,
2026-10-03 03:22:06,2026-10-04,20:15 - 20:30,2026-10-04 18:30,2026-10-02 22:10:12.678,,,,
2026-10-03 03:22:06,2026-10-04,20:30 - 20:45,2026-10-04 18:45,2026-10-02 22:10:12.678,,,,
2026-10-03 03:22:06,2026-10-04,20:45 - 21:00,2026-10-04 19:00,2026-10-02 22:10:12.678,,,,
2026-10-03 03:22:06,2026-10-04,21:00 - 21:15,2026-10-04 19:15,2026-10-02 22:10:12.678,,,,
2026-10-03 03:22:06,2026-10-04,21:15 - 21:30,2026-10-04 19:30,2026-10-02 22:10:12.678,,,,
2026-10-03 03:22:06,2026-10-04,21:30 - 21:45,2026-10-04 19:45,2026-10-02 22:10:12.678,,,,
2026-10-03 03:22:06,2026-10-04,21:45 - 22:00,2026-10-04 20:00,2026-10-02 22:10:12.678,,,,
2026-10-03 03:22:06,2026-10-04,22:00 - 22:15,2026-10-04 20:15,2026-10-02 22:10:12.678,,,,
2026-10-03 03:22:06,2026-10-04,22:15 - 22:30,2026-10-04 20:30,2026-10-02 22:10:12.678,,,,
2026-10-03 03:22:06,2026-10-04,22:30 - 22:45,2026-10-04 20:45,2026-10-02 22:10:12.678,,,,
2026-10-03 03:22:06,2026-10-04,22:45 - 23:00,2026-10-04 21:00,2026-10-02 22:10:12.678,,,,
2026-10-03 03:22:06,2026-10-04,23:00 - 23:15,2026-10-04 21:15,2026-10-02 22:10:12.678,,,,
2026-10-03 03:22:06,2026-10-04,23:15 - 23:30,2026-10-04 21:30,2026-10-02 22:10:12.678,,,,
2026-10-03 03:22:06,2026-10-04,23:30 - 23:45,2026-10-04 21:45,2026-10-02 22:10:12.678,,,,
2026-10-03 03:22:06,2026-10-04,23:45 - 24:00,2026-10-04 22:00,2026-10-02 22:10:12.678,,,,
2026-10-03 06:29:14,2026-10-03,00:00 - 00:15,2026-10-02 22:15,2026-10-03 06:09:06.740,,,,
2026-10-03 06:29:14,2026-10-03,00:15 - 00:30,2026-10-02 22:30,2026-10-03 06:09:06.740,,,,
2026-10-03 06:29:14,2026-10-03,00:30 - 00:45,2026-10-02 22:45,2026-10-03 06:09:06.740,,,,
2026-10-03 06:29:14,2026-10-03,00:45 - 01:00,2026-10-02 23:00,2026-10-03 06:09:06.740,,,,
2026-10-03 06:29:14,2026-10-03,01:00 - 01:15,2026-10-02 23:15,2026-10-03 06:09:06.740,,,,
2026-10-03 06:29:14,2026-10-03,01:15 - 01:30,2026-10-02 23:30,2026-10-03 06:09:06.740,,,,
2026-10-03 06:29:14,2026-10-03,01:30 - 01:45,2026-10-02 23:45,2026-10-03 06:09:06.740,,,,
2026-10-03 06:29:14,2026-10-03,01:45 - 02:00,2026-10-03 00:00,2026-10-03 06:09:06.740,,,,
2026-10-03 06:29:14,2026-10-03,02:00 - 02:15,2026-10-03 00:15,2026-10-03 06:09:06.740,,,,
2026-10-03 06:29:14,2026-10-03,02:15 - 02:30,2026-10-03 00:30,2026-10-03 06:09:06.740,,,,
2026-10-03 06:29:14,2026-10-03,02:30 - 02:45,2026-10-03 00:45,2026-10-03 06:09:06.740,,,,
2026-10-03 06:29:14,2026-10-03,02:45 - 03:00,2026-10-03 01:00,2026-10-03 06:09:06.740,,,,
2026-10-03 06:29:14,2026-10-03,03:00 - 03:15,2026-10-03 01:15,2026-10-03 06:09:06.740,,,,
2026-10-03 06:29:14,2026-10-03,03:15 - 03:30,2026-10-03 01:30,2026-10-03 06:09:06.740,,,,
2026-10-03 06:29:14,2026-10-03,03:30 - 03:45,2026-10-03 01:45,2026-10-03 06:09:06.740,,,,
2026-10-03 06:29:14,2026-10-03,03:45 - 04:00,2026-10-03 02:00,2026-10-03 06:09:06.740,,,,
2026-10-03 06:29:14,2026-10-03,04:00 - 04:15,2026-10-03 02:15,2026-10-03 06:09:06.740,,,,
2026-10-03 06:29:14,2026-10-03,04:15 - 04:30,2026-10-03 02:30,2026-10-03 06:09:06.740,,,,
2026-10-03 06:29:14,2026-10-03,04:30 - 04:45,2026-10-03 02:45,2026-10-03 06:09:06.740,,,,
2026-10-03 06:29:14,2026-10-03,04:45 - 05:00,2026-10-03 03:00,2026-10-03 06:09:06.740,,,,
2026-10-03 06:29:14,2026-10-03,05:00 - 05:15,2026-10-03 03:15,2026-10-03 06:09:06.740,,,,
2026-10-03 06:29:14,2026-10-03,05:15 - 05:30,2026-10-03 03:30,2026-10-03 06:09:06.740,,,,
2026-10-03 06:29:14,2026-10-03,05:30 - 05:45,2026-10-03 03:45,2026-10-03 06:09:06.740,,,,
2026-10-03 06:29:14,2026-10-03,05:45 - 06:00,2026-10-03 04:00,2026-10-03 06:09:06.740,,,,
2026-10-03 06:29:14,2026-10-03,06:00 - 06:15,2026-10-03 04:15,2026-10-03 06:09:06.740,,,,
2026-10-03 06:29:14,2026-10-03,06:15 - 06:30,2026-10-03 04:30,2026-10-03 06:09:06.740,,,,
2026-10-03 06:29:14,2026-10-03,06:30 - 06:45,2026-10-03 04:45,2026-10-03 06:09:06.740,,,,
2026-10-03 06:29:14,2026-10-03,06:45 - 07:00,2026-10-03 05:00,2026-10-03 06:09:06.740,,,,
2026-10-03 06:29:14,2026-10-03,07:00 - 07:15,2026-10-03 05:15,2026-10-03 06:09:06.740,,,,
2026-10-03 06:29:14,2026-10-03,07:15 - 07:30,2026-10-03 05:30,2026-10-03 06:09:06.740,,,,
2026-10-03 06:29:14,2026-10-03,07:30 - 07:45,2026-10-03 05:45,2026-10-03 06:09:06.740,,,,
2026-10-03 06:29:14,2026-10-03,07:45 - 08:00,2026-10-03 06:00,2026-10-03 06:09:06.740,,,,
2026-10-03 06:29:14,2026-10-03,08:00 - 08:15,2026-10-03 06:15,2026-10-03 06:09:06.740,,,,
2026-10-03 06:29:14,2026-10-03,08:15 - 08:30,2026-10-03 06:30,2026-10-03 06:09:06.740,,,,-2.8
2026-10-03 06:29:14,2026-10-03,08:30 - 08:45,2026-10-03 06:45,2026-10-03 06:09:06.740,,,,-2.8
2026-10-03 06:29:14,2026-10-03,08:45 - 09:00,2026-10-03 07:00,2026-10-03 06:09:06.740,,,,-2.8
2026-10-03 06:29:14,2026-10-03,09:00 - 09:15,2026-10-03 07:15,2026-10-03 06:09:06.740,,,,-1.9
2026-10-03 06:29:14,2026-10-03,09:15 - 09:30,2026-10-03 07:30,2026-10-03 06:09:06.740,,,,-1.9
2026-10-03 06:29:14,2026-10-03,09:30 - 09:45,2026-10-03 07:45,2026-10-03 06:09:06.740,,,,-1.9
2026-10-03 06:29:14,2026-10-03,09:45 - 10:00,2026-10-03 08:00,2026-10-03 06:09:06.740,,,,-1.9
2026-10-03 06:29:14,2026-10-03,10:00 - 10:15,2026-10-03 08:15,2026-10-03 06:09:06.740,,,,-1.2
2026-10-03 06:29:14,2026-10-03,10:15 - 10:30,2026-10-03 08:30,2026-10-03 06:09:06.740,,,,-1.2
2026-10-03 06:29:14,2026-10-03,10:30 - 10:45,2026-10-03 08:45,2026-10-03 06:09:06.740,,,,-1.2
2026-10-03 06:29:14,2026-10-03,10:45 - 11:00,2026-10-03 09:00,2026-10-03 06:09:06.740,,,,-1.2
2026-10-03 06:29:14,2026-10-03,11:00 - 11:15,2026-10-03 09:15,2026-10-03 06:09:06.740,,,,
2026-10-03 06:29:14,2026-10-03,11:15 - 11:30,2026-10-03 09:30,2026-10-03 06:09:06.740,,,,
2026-10-03 06:29:14,2026-10-03,11:30 - 11:45,2026-10-03 09:45,2026-10-03 06:09:06.740,,,,
2026-10-03 06:29:14,2026-10-03,11:45 - 12:00,2026-10-03 10:00,2026-10-03 06:09:06.740,,,,
2026-10-03 06:29:14,2026-10-03,12:00 - 12:15,2026-10-03 10:15,2026-10-03 06:09:06.740,,,,
2026-10-03 06:29:14,2026-10-03,12:15 - 12:30,2026-10-03 10:30,2026-10-03 06:09:06.740,,,,
2026-10-03 06:29:14,2026-10-03,12:30 - 12:45,2026-10-03 10:45,2026-10-03 06:09:06.740,,,,
2026-10-03 06:29:14,2026-10-03,12:45 - 13:00,2026-10-03 11:00,2026-10-03 06:09:06.740,,,,
2026-10-03 06:29:14,2026-10-03,13:00 - 13:15,2026-10-03 11:15,2026-10-03 06:09:06.740,,,,
2026-10-03 06:29:14,2026-10-03,13:15 - 13:30,2026-10-03 11:30,2026-10-03 06:09:06.740,,,,
2026-10-03 06:29:14,2026-10-03,13:30 - 13:45,2026-10-03 11:45,2026-10-03 06:09:06.740,,,,
2026-10-03 06:29:14,2026-10-03,13:45 - 14:00,2026-10-03 12:00,2026-10-03 06:09:06.740,,,,
2026-10-03 06:29:14,2026-10-03,14:00 - 14:15,2026-10-03 12:15,2026-10-03 06:09:06.740,,,,
2026-10-03 06:29:14,2026-10-03,14:15 - 14:30,2026-10-03 12:30,2026-10-03 06:09:06.740,,,,
2026-10-03 06:29:14,2026-10-03,14:30 - 14:45,2026-10-03 12:45,2026-10-03 06:09:06.740,,,,
2026-10-03 06:29:14,2026-10-03,14:45 - 15:00,2026-10-03 13:00,2026-10-03 06:09:06.740,,,,
2026-10-03 06:29:14,2026-10-03,15:00 - 15:15,2026-10-03 13:15,2026-10-03 06:09:06.740,,,,
2026-10-03 06:29:14,2026-10-03,15:15 - 15:30,2026-10-03 13:30,2026-10-03 06:09:06.740,,,,
2026-10-03 06:29:14,2026-10-03,15:30 - 15:45,2026-10-03 13:45,2026-10-03 06:09:06.740,,,,
2026-10-03 06:29:14,2026-10-03,15:45 - 16:00,2026-10-03 14:00,2026-10-03 06:09:06.740,,,,
2026-10-03 06:29:14,2026-10-03,16:00 - 16:15,2026-10-03 14:15,2026-10-03 06:09:06.740,,,,
2026-10-03 06:29:14,2026-10-03,16:15 - 16:30,2026-10-03 14:30,2026-10-03 06:09:06.740,,,,
2026-10-03 06:29:14,2026-10-03,16:30 - 16:45,2026-10-03 14:45,2026-10-03 06:09:06.740,,,,
2026-10-03 06:29:14,2026-10-03,16:45 - 17:00,2026-10-03 15:00,2026-10-03 06:09:06.740,,,,
2026-10-03 06:29:14,2026-10-03,17:00 - 17:15,2026-10-03 15:15,2026-10-03 06:09:06.740,,,,
2026-10-03 06:29:14,2026-10-03,17:15 - 17:30,2026-10-03 15:30,2026-10-03 06:09:06.740,,,,
2026-10-03 06:29:14,2026-10-03,17:30 - 17:45,2026-10-03 15:45,2026-10-03 06:09:06.740,,,,
2026-10-03 06:29:14,2026-10-03,17:45 - 18:00,2026-10-03 16:00,2026-10-03 06:09:06.740,,,,
2026-10-03 06:29:14,2026-10-03,18:00 - 18:15,2026-10-03 16:15,2026-10-03 06:09:06.740,,,,
2026-10-03 06:29:14,2026-10-03,18:15 - 18:30,2026-10-03 16:30,2026-10-03 06:09:06.740,,,,
2026-10-03 06:29:14,2026-10-03,18:30 - 18:45,2026-10-03 16:45,2026-10-03 06:09:06.740,,,,
2026-10-03 06:29:14,2026-10-03,18:45 - 19:00,2026-10-03 17:00,2026-10-03 06:09:06.740,,,,
2026-10-03 06:29:14,2026-10-03,19:00 - 19:15,2026-10-03 17:15,2026-10-03 06:09:06.740,,,,
2026-10-03 06:29:14,2026-10-03,19:15 - 19:30,2026-10-03 17:30,2026-10-03 06:09:06.740,,,,
2026-10-03 06:29:14,2026-10-03,19:30 - 19:45,2026-10-03 17:45,2026-10-03 06:09:06.740,,,,
2026-10-03 06:29:14,2026-10-03,19:45 - 20:00,2026-10-03 18:00,2026-10-03 06:09:06.740,,,,
2026-10-03 06:29:14,2026-10-03,20:00 - 20:15,2026-10-03 18:15,2026-10-03 06:09:06.740,,,,
2026-10-03 06:29:14,2026-10-03,20:15 - 20:30,2026-10-03 18:30,2026-10-03 06:09:06.740,,,,
2026-10-03 06:29:14,2026-10-03,20:30 - 20:45,2026-10-03 18:45,2026-10-03 06:09:06.740,,,,
2026-10-03 06:29:14,2026-10-03,20:45 - 21:00,2026-10-03 19:00,2026-10-03 06:09:06.740,,,,
2026-10-03 06:29:14,2026-10-03,21:00 - 21:15,2026-10-03 19:15,2026-10-03 06:09:06.740,,,,
2026-10-03 06:29:14,2026-10-03,21:15 - 21:30,2026-10-03 19:30,2026-10-03 06:09:06.740,,,,
2026-10-03 06:29:14,2026-10-03,21:30 - 21:45,2026-10-03 19:45,2026-10-03 06:09:06.740,,,,
2026-10-03 06:29:14,2026-10-03,21:45 - 22:00,2026-10-03 20:00,2026-10-03 06:09:06.740,,,,
2026-10-03 06:29:14,2026-10-03,22:00 - 22:15,2026-10-03 20:15,2026-10-03 06:09:06.740,,,,
2026-10-03 06:29:14,2026-10-03,22:15 - 22:30,2026-10-03 20:30,2026-10-03 06:09:06.740,,,,
2026-10-03 06:29:14,2026-10-03,22:30 - 22:45,2026-10-03 20:45,2026-10-03 06:09:06.740,,,,
2026-10-03 06:29:14,2026-10-03,22:45 - 23:00,2026-10-03 21:00,2026-10-03 06:09:06.740,,,,
2026-10-03 06:29:14,2026-10-03,23:00 - 23:15,2026-10-03 21:15,2026-10-03 06:09:06.740,,,,
2026-10-03 06:29:14,2026-10-03,23:15 - 23:30,2026-10-03 21:30,2026-10-03 06:09:06.740,,,,
2026-10-03 06:29:14,2026-10-03,23:30 - 23:45,2026-10-03 21:45,2026-10-03 06:09:06.740,,,,
2026-10-03 06:29:14,2026-10-03,23:45 - 24:00,2026-10-03 22:00,2026-10-03 06:09:06.740,,,,
2026-10-03 10:39:01,2026-10-03,00:00 - 00:15,2026-10-02 22:15,2026-10-03 10:33:56.329,,,,
2026-10-03 10:39:01,2026-10-03,00:15 - 00:30,2026-10-02 22:30,2026-10-03 10:33:56.329,,,,
2026-10-03 10:39:01,2026-10-03,00:30 - 00:45,2026-10-02 22:45,2026-10-03 10:33:56.329,,,,
2026-10-03 10:39:01,2026-10-03,00:45 - 01:00,2026-10-02 23:00,2026-10-03 10:33:56.329,,,,
2026-10-03 10:39:01,2026-10-03,01:00 - 01:15,2026-10-02 23:15,2026-10-03 10:33:56.329,,,,
2026-10-03 10:39:01,2026-10-03,01:15 - 01:30,2026-10-02 23:30,2026-10-03 10:33:56.329,,,,
2026-10-03 10:39:01,2026-10-03,01:30 - 01:45,2026-10-02 23:45,2026-10-03 10:33:56.329,,,,
2026-10-03 10:39:01,2026-10-03,01:45 - 02:00,2026-10-03 00:00,2026-10-03 10:33:56.329,,,,
2026-10-03 10:39:01,2026-10-03,02:00 - 02:15,2026-10-03 00:15,2026-10-03 10:33:56.329,,,,
2026-10-03 10:39:01,2026-10-03,02:15 - 02:30,2026-10-03 00:30,2026-10-03 10:33:56.329,,,,
2026-10-03 10:39:01,2026-10-03,02:30 - 02:45,2026-10-03 00:45,2026-10-03 10:33:56.329,,,,
2026-10-03 10:39:01,2026-10-03,02:45 - 03:00,2026-10-03 01:00,2026-10-03 10:33:56.329,,,,
2026-10-03 10:39:01,2026-10-03,03:00 - 03:15,2026-10-03 01:15,2026-10-03 10:33:56.329,,,,
2026-10-03 10:39:01,2026-10-03,03:15 - 03:30,2026-10-03 01:30,2026-10-03 10:33:56.329,,,,
2026-10-03 10:39:01,2026-10-03,03:30 - 03:45,2026-10-03 01:45,2026-10-03 10:33:56.329,,,,
2026-10-03 10:39:01,2026-10-03,03:45 - 04:00,2026-10-03 02:00,2026-10-03 10:33:56.329,,,,
2026-10-03 10:39:01,2026-10-03,04:00 - 04:15,2026-10-03 02:15,2026-10-03 10:33:56.329,,,,
2026-10-03 10:39:01,2026-10-03,04:15 - 04:30,2026-10-03 02:30,2026-10-03 10:33:56.329,,,,
2026-10-03 10:39:01,2026-10-03,04:30 - 04:45,2026-10-03 02:45,2026-10-03 10:33:56.329,,,,
2026-10-03 10:39:01,2026-10-03,04:45 - 05:00,2026-10-03 03:00,2026-10-03 10:33:56.329,,,,
2026-10-03 10:39:01,2026-10-03,05:00 - 05:15,2026-10-03 03:15,2026-10-03 10:33:56.329,,,,
2026-10-03 10:39:01,2026-10-03,05:15 - 05:30,2026-10-03 03:30,2026-10-03 10:33:56.329,,,,
2026-10-03 10:39:01,2026-10-03,05:30 - 05:45,2026-10-03 03:45,2026-10-03 10:33:56.329,,,,
2026-10-03 10:39:01,2026-10-03,05:45 - 06:00,2026-10-03 04:00,2026-10-03 10:33:56.329,,,,
2026-10-03 10:39:01,2026-10-03,06:00 - 06:15,2026-10-03 04:15,2026-10-03 10:33:56.329,,,,
2026-10-03 10:39:01,2026-10-03,06:15 - 06:30,2026-10-03 04:30,2026-10-03 10:33:56.329,,,,
2026-10-03 10:39:01,2026-10-03,06:30 - 06:45,2026-10-03 04:45,2026-10-03 10:33:56.329,,,,
2026-10-03 10:39:01,2026-10-03,06:45 - 07:00,2026-10-03 05:00,2026-10-03 10:33:56.329,,,,
2026-10-03 10:39:01,2026-10-03,07:00 - 07:15,2026-10-03 05:15,2026-10-03 10:33:56.329,,,,
2026-10-03 10:39:01,2026-10-03,07:15 - 07:30,2026-10-03 05:30,2026-10-03 10:33:56.329,,,,
2026-10-03 10:39:01,2026-10-03,07:30 - 07:45,2026-10-03 05:45,2026-10-03 10:33:56.329,,,,
2026-10-03 10:39:01,2026-10-03,07:45 - 08:00,2026-10-03 06:00,2026-10-03 10:33:56.329,,,,
2026-10-03 10:39:01,2026-10-03,08:00 - 08:15,2026-10-03 06:15,2026-10-03 10:33:56.329,,,,
2026-10-03 10:39:01,2026-10-03,08:15 - 08:30,2026-10-03 06:30,2026-10-03 10:33:56.329,,,,-2.8
2026-10-03 10:39:01,2026-10-03,08:30 - 08:45,2026-10-03 06:45,2026-10-03 10:33:56.329,,,,-2.8
2026-10-03 10:39:01,2026-10-03,08:45 - 09:00,2026-10-03 07:00,2026-10-03 10:33:56.329,,,,-2.8
2026-10-03 10:39:01,2026-10-03,09:00 - 09:15,2026-10-03 07:15,2026-10-03 10:33:56.329,,,,-1.9
2026-10-03 10:39:01,2026-10-03,09:15 - 09:30,2026-10-03 07:30,2026-10-03 10:33:56.329,,,,-1.9
2026-10-03 10:39:01,2026-10-03,09:30 - 09:45,2026-10-03 07:45,2026-10-03 10:33:56.329,,,,-1.9
2026-10-03 10:39:01,2026-10-03,09:45 - 10:00,2026-10-03 08:00,2026-10-03 10:33:56.329,,,,-1.9
2026-10-03 10:39:01,2026-10-03,10:00 - 10:15,2026-10-03 08:15,2026-10-03 10:33:56.329,,,,-1.2
2026-10-03 10:39:01,2026-10-03,10:15 - 10:30,2026-10-03 08:30,2026-10-03 10:33:56.329,,,,-1.2
2026-10-03 10:39:01,2026-10-03,10:30 - 10:45,2026-10-03 08:45,2026-10-03 10:33:56.329,,,,-1.2
2026-10-03 10:39:01,2026-10-03,10:45 - 11:00,2026-10-03 09:00,2026-10-03 10:33:56.329,,,,-1.2
2026-10-03 10:39:01,2026-10-03,11:00 - 11:15,2026-10-03 09:15,2026-10-03 10:33:56.329,,,,
2026-10-03 10:39:01,2026-10-03,11:15 - 11:30,2026-10-03 09:30,2026-10-03 10:33:56.329,,,,
2026-10-03 10:39:01,2026-10-03,11:30 - 11:45,2026-10-03 09:45,2026-10-03 10:33:56.329,,,,
2026-10-03 10:39:01,2026-10-03,11:45 - 12:00,2026-10-03 10:00,2026-10-03 10:33:56.329,,,,
2026-10-03 10:39:01,2026-10-03,12:00 - 12:15,2026-10-03 10:15,2026-10-03 10:33:56.329,,,,
2026-10-03 10:39:01,2026-10-03,12:15 - 12:30,2026-10-03 10:30,2026-10-03 10:33:56.329,,,,
2026-10-03 10:39:01,2026-10-03,12:30 - 12:45,2026-10-03 10:45,2026-10-03 10:33:56.329,,,,
2026-10-03 10:39:01,2026-10-03,12:45 - 13:00,2026-10-03 11:00,2026-10-03 10:33:56.329,,,,
2026-10-03 10:39:01,2026-10-03,13:00 - 13:15,2026-10-03 11:15,2026-10-03 10:33:56.329,-552.7,,,
2026-10-03 10:39:01,2026-10-03,13:15 - 13:30,2026-10-03 11:30,2026-10-03 10:33:56.329,-552.7,,,
2026-10-03 10:39:01,2026-10-03,13:30 - 13:45,2026-10-03 11:45,2026-10-03 10:33:56.329,-552.7,,,
2026-10-03 10:39:01,2026-10-03,13:45 - 14:00,2026-10-03 12:00,2026-10-03 10:33:56.329,-552.7,,,
2026-10-03 10:39:01,2026-10-03,14:00 - 14:15,2026-10-03 12:15,2026-10-03 10:33:56.329,,,,
2026-10-03 10:39:01,2026-10-03,14:15 - 14:30,2026-10-03 12:30,2026-10-03 10:33:56.329,,,,
2026-10-03 10:39:01,2026-10-03,14:30 - 14:45,2026-10-03 12:45,2026-10-03 10:33:56.329,,,,
2026-10-03 10:39:01,2026-10-03,14:45 - 15:00,2026-10-03 13:00,2026-10-03 10:33:56.329,,,,
2026-10-03 10:39:01,2026-10-03,15:00 - 15:15,2026-10-03 13:15,2026-10-03 10:33:56.329,,,,
2026-10-03 10:39:01,2026-10-03,15:15 - 15:30,2026-10-03 13:30,2026-10-03 10:33:56.329,,,,
2026-10-03 10:39:01,2026-10-03,15:30 - 15:45,2026-10-03 13:45,2026-10-03 10:33:56.329,,,,
2026-10-03 10:39:01,2026-10-03,15:45 - 16:00,2026-10-03 14:00,2026-10-03 10:33:56.329,,,,
2026-10-03 10:39:01,2026-10-03,16:00 - 16:15,2026-10-03 14:15,2026-10-03 10:33:56.329,,,,
2026-10-03 10:39:01,2026-10-03,16:15 - 16:30,2026-10-03 14:30,2026-10-03 10:33:56.329,,,,
2026-10-03 10:39:01,2026-10-03,16:30 - 16:45,2026-10-03 14:45,2026-10-03 10:33:56.329,,,,
2026-10-03 10:39:01,2026-10-03,16:45 - 17:00,2026-10-03 15:00,2026-10-03 10:33:56.329,,,,
2026-10-03 10:39:01,2026-10-03,17:00 - 17:15,2026-10-03 15:15,2026-10-03 10:33:56.329,,,,
2026-10-03 10:39:01,2026-10-03,17:15 - 17:30,2026-10-03 15:30,2026-10-03 10:33:56.329,,,,
2026-10-03 10:39:01,2026-10-03,17:30 - 17:45,2026-10-03 15:45,2026-10-03 10:33:56.329,,,,
2026-10-03 10:39:01,2026-10-03,17:45 - 18:00,2026-10-03 16:00,2026-10-03 10:33:56.329,,,,
2026-10-03 10:39:01,2026-10-03,18:00 - 18:15,2026-10-03 16:15,2026-10-03 10:33:56.329,,,,
2026-10-03 10:39:01,2026-10-03,18:15 - 18:30,2026-10-03 16:30,2026-10-03 10:33:56.329,,,,
2026-10-03 10:39:01,2026-10-03,18:30 - 18:45,2026-10-03 16:45,2026-10-03 10:33:56.329,,,,
2026-10-03 10:39:01,2026-10-03,18:45 - 19:00,2026-10-03 17:00,2026-10-03 10:33:56.329,,,,
2026-10-03 10:39:01,2026-10-03,19:00 - 19:15,2026-10-03 17:15,2026-10-03 10:33:56.329,,,,
2026-10-03 10:39:01,2026-10-03,19:15 - 19:30,2026-10-03 17:30,2026-10-03 10:33:56.329,,,,
2026-10-03 10:39:01,2026-10-03,19:30 - 19:45,2026-10-03 17:45,2026-10-03 10:33:56.329,,,,
2026-10-03 10:39:01,2026-10-03,19:45 - 20:00,2026-10-03 18:00,2026-10-03 10:33:56.329,,,,
2026-10-03 10:39:01,2026-10-03,20:00 - 20:15,2026-10-03 18:15,2026-10-03 10:33:56.329,,,,
2026-10-03 10:39:01,2026-10-03,20:15 - 20:30,2026-10-03 18:30,2026-10-03 10:33:56.329,,,,
2026-10-03 10:39:01,2026-10-03,20:30 - 20:45,2026-10-03 18:45,2026-10-03 10:33:56.329,,,,
2026-10-03 10:39:01,2026-10-03,20:45 - 21:00,2026-10-03 19:00,2026-10-03 10:33:56.329,,,,
2026-10-03 10:39:01,2026-10-03,21:00 - 21:15,2026-10-03 19:15,2026-10-03 10:33:56.329,,,,
2026-10-03 10:39:01,2026-10-03,21:15 - 21:30,2026-10-03 19:30,2026-10-03 10:33:56.329,,,,
2026-10-03 10:39:01,2026-10-03,21:30 - 21:45,2026-10-03 19:45,2026-10-03 10:33:56.329,,,,
2026-10-03 10:39:01,2026-10-03,21:45 - 22:00,2026-10-03 20:00,2026-10-03 10:33:56.329,,,,
2026-10-03 10:39:01,2026-10-03,22:00 - 22:15,2026-10-03 20:15,2026-10-03 10:33:56.329,,,,
2026-10-03 10:39:01,2026-10-03,22:15 - 22:30,2026-10-03 20:30,2026-10-03 10:33:56.329,,,,
2026-10-03 10:39:01,2026-10-03,22:30 - 22:45,2026-10-03 20:45,2026-10-03 10:33:56.329,,,,
2026-10-03 10:39:01,2026-10-03,22:45 - 23:00,2026-10-03 21:00,2026-10-03 10:33:56.329,,,,
2026-10-03 10:39:01,2026-10-03,23:00 - 23:15,2026-10-03 21:15,2026-10-03 10:33:56.329,,,,
2026-10-03 10:39:01,2026-10-03,23:15 - 23:30,2026-10-03 21:30,2026-10-03 10:33:56.329,,,,
2026-10-03 10:39:01,2026-10-03,23:30 - 23:45,2026-10-03 21:45,2026-10-03 10:33:56.329,,,,
2026-10-03 10:39:01,2026-10-03,23:45 - 24:00,2026-10-03 22:00,2026-10-03 10:33:56.329,,,,
2026-10-03 14:43:44,2026-10-03,00:00 - 00:15,2026-10-02 22:15,2026-10-03 11:21:50.939,,,,
2026-10-03 14:43:44,2026-10-03,00:15 - 00:30,2026-10-02 22:30,2026-10-03 11:21:50.939,,,,
2026-10-03 14:43:44,2026-10-03,00:30 - 00:45,2026-10-02 22:45,2026-10-03 11:21:50.939,,,,
2026-10-03 14:43:44,2026-10-03,00:45 - 01:00,2026-10-02 23:00,2026-10-03 11:21:50.939,,,,
2026-10-03 14:43:44,2026-10-03,01:00 - 01:15,2026-10-02 23:15,2026-10-03 11:21:50.939,,,,
2026-10-03 14:43:44,2026-10-03,01:15 - 01:30,2026-10-02 23:30,2026-10-03 11:21:50.939,,,,
2026-10-03 14:43:44,2026-10-03,01:30 - 01:45,2026-10-02 23:45,2026-10-03 11:21:50.939,,,,
2026-10-03 14:43:44,2026-10-03,01:45 - 02:00,2026-10-03 00:00,2026-10-03 11:21:50.939,,,,
2026-10-03 14:43:44,2026-10-03,02:00 - 02:15,2026-10-03 00:15,2026-10-03 11:21:50.939,,,,
2026-10-03 14:43:44,2026-10-03,02:15 - 02:30,2026-10-03 00:30,2026-10-03 11:21:50.939,,,,
2026-10-03 14:43:44,2026-10-03,02:30 - 02:45,2026-10-03 00:45,2026-10-03 11:21:50.939,,,,
2026-10-03 14:43:44,2026-10-03,02:45 - 03:00,2026-10-03 01:00,2026-10-03 11:21:50.939,,,,
2026-10-03 14:43:44,2026-10-03,03:00 - 03:15,2026-10-03 01:15,2026-10-03 11:21:50.939,,,,
2026-10-03 14:43:44,2026-10-03,03:15 - 03:30,2026-10-03 01:30,2026-10-03 11:21:50.939,,,,
2026-10-03 14:43:44,2026-10-03,03:30 - 03:45,2026-10-03 01:45,2026-10-03 11:21:50.939,,,,
2026-10-03 14:43:44,2026-10-03,03:45 - 04:00,2026-10-03 02:00,2026-10-03 11:21:50.939,,,,
2026-10-03 14:43:44,2026-10-03,04:00 - 04:15,2026-10-03 02:15,2026-10-03 11:21:50.939,,,,
2026-10-03 14:43:44,2026-10-03,04:15 - 04:30,2026-10-03 02:30,2026-10-03 11:21:50.939,,,,
2026-10-03 14:43:44,2026-10-03,04:30 - 04:45,2026-10-03 02:45,2026-10-03 11:21:50.939,,,,
2026-10-03 14:43:44,2026-10-03,04:45 - 05:00,2026-10-03 03:00,2026-10-03 11:21:50.939,,,,
2026-10-03 14:43:44,2026-10-03,05:00 - 05:15,2026-10-03 03:15,2026-10-03 11:21:50.939,,,,
2026-10-03 14:43:44,2026-10-03,05:15 - 05:30,2026-10-03 03:30,2026-10-03 11:21:50.939,,,,
2026-10-03 14:43:44,2026-10-03,05:30 - 05:45,2026-10-03 03:45,2026-10-03 11:21:50.939,,,,
2026-10-03 14:43:44,2026-10-03,05:45 - 06:00,2026-10-03 04:00,2026-10-03 11:21:50.939,,,,
2026-10-03 14:43:44,2026-10-03,06:00 - 06:15,2026-10-03 04:15,2026-10-03 11:21:50.939,,,,
2026-10-03 14:43:44,2026-10-03,06:15 - 06:30,2026-10-03 04:30,2026-10-03 11:21:50.939,,,,
2026-10-03 14:43:44,2026-10-03,06:30 - 06:45,2026-10-03 04:45,2026-10-03 11:21:50.939,,,,
2026-10-03 14:43:44,2026-10-03,06:45 - 07:00,2026-10-03 05:00,2026-10-03 11:21:50.939,,,,
2026-10-03 14:43:44,2026-10-03,07:00 - 07:15,2026-10-03 05:15,2026-10-03 11:21:50.939,,,,
2026-10-03 14:43:44,2026-10-03,07:15 - 07:30,2026-10-03 05:30,2026-10-03 11:21:50.939,,,,
2026-10-03 14:43:44,2026-10-03,07:30 - 07:45,2026-10-03 05:45,2026-10-03 11:21:50.939,,,,
2026-10-03 14:43:44,2026-10-03,07:45 - 08:00,2026-10-03 06:00,2026-10-03 11:21:50.939,,,,
2026-10-03 14:43:44,2026-10-03,08:00 - 08:15,2026-10-03 06:15,2026-10-03 11:21:50.939,,,,
2026-10-03 14:43:44,2026-10-03,08:15 - 08:30,2026-10-03 06:30,2026-10-03 11:21:50.939,,,,-2.8
2026-10-03 14:43:44,2026-10-03,08:30 - 08:45,2026-10-03 06:45,2026-10-03 11:21:50.939,,,,-2.8
2026-10-03 14:43:44,2026-10-03,08:45 - 09:00,2026-10-03 07:00,2026-10-03 11:21:50.939,,,,-2.8
2026-10-03 14:43:44,2026-10-03,09:00 - 09:15,2026-10-03 07:15,2026-10-03 11:21:50.939,,,,-1.9
2026-10-03 14:43:44,2026-10-03,09:15 - 09:30,2026-10-03 07:30,2026-10-03 11:21:50.939,,,,-1.9
2026-10-03 14:43:44,2026-10-03,09:30 - 09:45,2026-10-03 07:45,2026-10-03 11:21:50.939,,,,-1.9
2026-10-03 14:43:44,2026-10-03,09:45 - 10:00,2026-10-03 08:00,2026-10-03 11:21:50.939,,,,-1.9
2026-10-03 14:43:44,2026-10-03,10:00 - 10:15,2026-10-03 08:15,2026-10-03 11:21:50.939,,,,-1.2
2026-10-03 14:43:44,2026-10-03,10:15 - 10:30,2026-10-03 08:30,2026-10-03 11:21:50.939,,,,-1.2
2026-10-03 14:43:44,2026-10-03,10:30 - 10:45,2026-10-03 08:45,2026-10-03 11:21:50.939,,,,-1.2
2026-10-03 14:43:44,2026-10-03,10:45 - 11:00,2026-10-03 09:00,2026-10-03 11:21:50.939,,,,-1.2
2026-10-03 14:43:44,2026-10-03,11:00 - 11:15,2026-10-03 09:15,2026-10-03 11:21:50.939,,,,
2026-10-03 14:43:44,2026-10-03,11:15 - 11:30,2026-10-03 09:30,2026-10-03 11:21:50.939,,,,
2026-10-03 14:43:44,2026-10-03,11:30 - 11:45,2026-10-03 09:45,2026-10-03 11:21:50.939,,,,
2026-10-03 14:43:44,2026-10-03,11:45 - 12:00,2026-10-03 10:00,2026-10-03 11:21:50.939,,,,
2026-10-03 14:43:44,2026-10-03,12:00 - 12:15,2026-10-03 10:15,2026-10-03 11:21:50.939,,,,
2026-10-03 14:43:44,2026-10-03,12:15 - 12:30,2026-10-03 10:30,2026-10-03 11:21:50.939,,,,
2026-10-03 14:43:44,2026-10-03,12:30 - 12:45,2026-10-03 10:45,2026-10-03 11:21:50.939,,,,
2026-10-03 14:43:44,2026-10-03,12:45 - 13:00,2026-10-03 11:00,2026-10-03 11:21:50.939,,,,
2026-10-03 14:43:44,2026-10-03,13:00 - 13:15,2026-10-03 11:15,2026-10-03 11:21:50.939,-552.7,,,
2026-10-03 14:43:44,2026-10-03,13:15 - 13:30,2026-10-03 11:30,2026-10-03 11:21:50.939,-552.7,,,
2026-10-03 14:43:44,2026-10-03,13:30 - 13:45,2026-10-03 11:45,2026-10-03 11:21:50.939,-552.7,,,
2026-10-03 14:43:44,2026-10-03,13:45 - 14:00,2026-10-03 12:00,2026-10-03 11:21:50.939,-552.7,,,
2026-10-03 14:43:44,2026-10-03,14:00 - 14:15,2026-10-03 12:15,2026-10-03 11:21:50.939,-338.1,,,
2026-10-03 14:43:44,2026-10-03,14:15 - 14:30,2026-10-03 12:30,2026-10-03 11:21:50.939,-338.1,,,
2026-10-03 14:43:44,2026-10-03,14:30 - 14:45,2026-10-03 12:45,2026-10-03 11:21:50.939,-338.1,,,
2026-10-03 14:43:44,2026-10-03,14:45 - 15:00,2026-10-03 13:00,2026-10-03 11:21:50.939,-338.1,,,
2026-10-03 14:43:44,2026-10-03,15:00 - 15:15,2026-10-03 13:15,2026-10-03 11:21:50.939,,,,
2026-10-03 14:43:44,2026-10-03,15:15 - 15:30,2026-10-03 13:30,2026-10-03 11:21:50.939,,,,
2026-10-03 14:43:44,2026-10-03,15:30 - 15:45,2026-10-03 13:45,2026-10-03 11:21:50.939,,,,
2026-10-03 14:43:44,2026-10-03,15:45 - 16:00,2026-10-03 14:00,2026-10-03 11:21:50.939,,,,
2026-10-03 14:43:44,2026-10-03,16:00 - 16:15,2026-10-03 14:15,2026-10-03 11:21:50.939,,,,
2026-10-03 14:43:44,2026-10-03,16:15 - 16:30,2026-10-03 14:30,2026-10-03 11:21:50.939,,,,
2026-10-03 14:43:44,2026-10-03,16:30 - 16:45,2026-10-03 14:45,2026-10-03 11:21:50.939,,,,
2026-10-03 14:43:44,2026-10-03,16:45 - 17:00,2026-10-03 15:00,2026-10-03 11:21:50.939,,,,
2026-10-03 14:43:44,2026-10-03,17:00 - 17:15,2026-10-03 15:15,2026-10-03 11:21:50.939,,,,
2026-10-03 14:43:44,2026-10-03,17:15 - 17:30,2026-10-03 15:30,2026-10-03 11:21:50.939,,,,
2026-10-03 14:43:44,2026-10-03,17:30 - 17:45,2026-10-03 15:45,2026-10-03 11:21:50.939,,,,
2026-10-03 14:43:44,2026-10-03,17:45 - 18:00,2026-10-03 16:00,2026-10-03 11:21:50.939,,,,
2026-10-03 14:43:44,2026-10-03,18:00 - 18:15,2026-10-03 16:15,2026-10-03 11:21:50.939,,,,
2026-10-03 14:43:44,2026-10-03,18:15 - 18:30,2026-10-03 16:30,2026-10-03 11:21:50.939,,,,
2026-10-03 14:43:44,2026-10-03,18:30 - 18:45,2026-10-03 16:45,2026-10-03 11:21:50.939,,,,
2026-10-03 14:43:44,2026-10-03,18:45 - 19:00,2026-10-03 17:00,2026-10-03 11:21:50.939,,,,
2026-10-03 14:43:44,2026-10-03,19:00 - 19:15,2026-10-03 17:15,2026-10-03 11:21:50.939,,,,
2026-10-03 14:43:44,2026-10-03,19:15 - 19:30,2026-10-03 17:30,2026-10-03 11:21:50.939,,,,
2026-10-03 14:43:44,2026-10-03,19:30 - 19:45,2026-10-03 17:45,2026-10-03 11:21:50.939,,,,
2026-10-03 14:43:44,2026-10-03,19:45 - 20:00,2026-10-03 18:00,2026-10-03 11:21:50.939,,,,
2026-10-03 14:43:44,2026-10-03,20:00 - 20:15,2026-10-03 18:15,2026-10-03 11:21:50.939,,,,
2026-10-03 14:43:44,2026-10-03,20:15 - 20:30,2026-10-03 18:30,2026-10-03 11:21:50.939,,,,
2026-10-03 14:43:44,2026-10-03,20:30 - 20:45,2026-10-03 18:45,2026-10-03 11:21:50.939,,,,
2026-10-03 14:43:44,2026-10-03,20:45 - 21:00,2026-10-03 19:00,2026-10-03 11:21:50.939,,,,
2026-10-03 14:43:44,2026-10-03,21:00 - 21:15,2026-10-03 19:15,2026-10-03 11:21:50.939,,,,
2026-10-03 14:43:44,2026-10-03,21:15 - 21:30,2026-10-03 19:30,2026-10-03 11:21:50.939,,,,
2026-10-03 14:43:44,2026-10-03,21:30 - 21:45,2026-10-03 19:45,2026-10-03 11:21:50.939,,,,
2026-10-03 14:43:44,2026-10-03,21:45 - 22:00,2026-10-03 20:00,2026-10-03 11:21:50.939,,,,
2026-10-03 14:43:44,2026-10-03,22:00 - 22:15,2026-10-03 20:15,2026-10-03 11:21:50.939,,,,
2026-10-03 14:43:44,2026-10-03,22:15 - 22:30,2026-10-03 20:30,2026-10-03 11:21:50.939,,,,
2026-10-03 14:43:44,2026-10-03,22:30 - 22:45,2026-10-03 20:45,2026-10-03 11:21:50.939,,,,
2026-10-03 14:43:44,2026-10-03,22:45 - 23:00,2026-10-03 21:00,2026-10-03 11:21:50.939,,,,
2026-10-03 14:43:44,2026-10-03,23:00 - 23:15,2026-10-03 21:15,2026-10-03 11:21:50.939,,,,
2026-10-03 14:43:44,2026-10-03,23:15 - 23:30,2026-10-03 21:30,2026-10-03 11:21:50.939,,,,
2026-10-03 14:43:44,2026-10-03,23:30 - 23:45,2026-10-03 21:45,2026-10-03 11:21:50.939,,,,
2026-10-03 14:43:44,2026-10-03,23:45 - 24:00,2026-10-03 22:00,2026-10-03 11:21:50.939,,,,
2026-10-04 02:19:50,2026-10-05,00:00 - 00:15,2026-10-04 22:15,2026-10-03 22:10:12.902,,,,
2026-10-04 02:19:50,2026-10-05,00:15 - 00:30,2026-10-04 22:30,2026-10-03 22:10:12.902,,,,
2026-10-04 02:19:50,2026-10-05,00:30 - 00:45,2026-10-04 22:45,2026-10-03 22:10:12.902,,,,
2026-10-04 02:19:50,2026-10-05,00:45 - 01:00,2026-10-04 23:00,2026-10-03 22:10:12.902,,,,
2026-10-04 02:19:50,2026-10-05,01:00 - 01:15,2026-10-04 23:15,2026-10-03 22:10:12.902,,,,
2026-10-04 02:19:50,2026-10-05,01:15 - 01:30,2026-10-04 23:30,2026-10-03 22:10:12.902,,,,
2026-10-04 02:19:50,2026-10-05,01:30 - 01:45,2026-10-04 23:45,2026-10-03 22:10:12.902,,,,
2026-10-04 02:19:50,2026-10-05,01:45 - 02:00,2026-10-05 00:00,2026-10-03 22:10:12.902,,,,
2026-10-04 02:19:50,2026-10-05,02:00 - 02:15,2026-10-05 00:15,2026-10-03 22:10:12.902,,,,
2026-10-04 02:19:50,2026-10-05,02:15 - 02:30,2026-10-05 00:30,2026-10-03 22:10:12.902,,,,
2026-10-04 02:19:50,2026-10-05,02:30 - 02:45,2026-10-05 00:45,2026-10-03 22:10:12.902,,,,
2026-10-04 02:19:50,2026-10-05,02:45 - 03:00,2026-10-05 01:00,2026-10-03 22:10:12.902,,,,
2026-10-04 02:19:50,2026-10-05,03:00 - 03:15,2026-10-05 01:15,2026-10-03 22:10:12.902,,,,
2026-10-04 02:19:50,2026-10-05,03:15 - 03:30,2026-10-05 01:30,2026-10-03 22:10:12.902,,,,
2026-10-04 02:19:50,2026-10-05,03:30 - 03:45,2026-10-05 01:45,2026-10-03 22:10:12.902,,,,
2026-10-04 02:19:50,2026-10-05,03:45 - 04:00,2026-10-05 02:00,2026-10-03 22:10:12.902,,,,
2026-10-04 02:19:50,2026-10-05,04:00 - 04:15,2026-10-05 02:15,2026-10-03 22:10:12.902,,,,
2026-10-04 02:19:50,2026-10-05,04:15 - 04:30,2026-10-05 02:30,2026-10-03 22:10:12.902,,,,
2026-10-04 02:19:50,2026-10-05,04:30 - 04:45,2026-10-05 02:45,2026-10-03 22:10:12.902,,,,
2026-10-04 02:19:50,2026-10-05,04:45 - 05:00,2026-10-05 03:00,2026-10-03 22:10:12.902,,,,
2026-10-04 02:19:50,2026-10-05,05:00 - 05:15,2026-10-05 03:15,2026-10-03 22:10:12.902,,,,
2026-10-04 02:19:50,2026-10-05,05:15 - 05:30,2026-10-05 03:30,2026-10-03 22:10:12.902,,,,
2026-10-04 02:19:50,2026-10-05,05:30 - 05:45,2026-10-05 03:45,2026-10-03 22:10:12.902,,,,
2026-10-04 02:19:50,2026-10-05,05:45 - 06:00,2026-10-05 04:00,2026-10-03 22:10:12.902,,,,
2026-10-04 02:19:50,2026-10-05,06:00 - 06:15,2026-10-05 04:15,2026-10-03 22:10:12.902,,,,
2026-10-04 02:19:50,2026-10-05,06:15 - 06:30,2026-10-05 04:30,2026-10-03 22:10:12.902,,,,
2026-10-04 02:19:50,2026-10-05,06:30 - 06:45,2026-10-05 04:45,2026-10-03 22:10:12.902,,,,
2026-10-04 02:19:50,2026-10-05,06:45 - 07:00,2026-10-05 05:00,2026-10-03 22:10:12.902,,,,
2026-10-04 02:19:50,2026-10-05,07:00 - 07:15,2026-10-05 05:15,2026-10-03 22:10:12.902,,,,
2026-10-04 02:19:50,2026-10-05,07:15 - 07:30,2026-10-05 05:30,2026-10-03 22:10:12.902,,,,
2026-10-04 02:19:50,2026-10-05,07:30 - 07:45,2026-10-05 05:45,2026-10-03 22:10:12.902,,,,
2026-10-04 02:19:50,2026-10-05,07:45 - 08:00,2026-10-05 06:00,2026-10-03 22:10:12.902,,,,
2026-10-04 02:19:50,2026-10-05,08:00 - 08:15,2026-10-05 06:15,2026-10-03 22:10:12.902,,,,
2026-10-04 02:19:50,2026-10-05,08:15 - 08:30,2026-10-05 06:30,2026-10-03 22:10:12.902,,,,
2026-10-04 02:19:50,2026-10-05,08:30 - 08:45,2026-10-05 06:45,2026-10-03 22:10:12.902,,,,
2026-10-04 02:19:50,2026-10-05,08:45 - 09:00,2026-10-05 07:00,2026-10-03 22:10:12.902,,,,
2026-10-04 02:19:50,2026-10-05,09:00 - 09:15,2026-10-05 07:15,2026-10-03 22:10:12.902,,,,
2026-10-04 02:19:50,2026-10-05,09:15 - 09:30,2026-10-05 07:30,2026-10-03 22:10:12.902,,,,
2026-10-04 02:19:50,2026-10-05,09:30 - 09:45,2026-10-05 07:45,2026-10-03 22:10:12.902,,,,
2026-10-04 02:19:50,2026-10-05,09:45 - 10:00,2026-10-05 08:00,2026-10-03 22:10:12.902,,,,
2026-10-04 02:19:50,2026-10-05,10:00 - 10:15,2026-10-05 08:15,2026-10-03 22:10:12.902,,,,
2026-10-04 02:19:50,2026-10-05,10:15 - 10:30,2026-10-05 08:30,2026-10-03 22:10:12.902,,,,
2026-10-04 02:19:50,2026-10-05,10:30 - 10:45,2026-10-05 08:45,2026-10-03 22:10:12.902,,,,
2026-10-04 02:19:50,2026-10-05,10:45 - 11:00,2026-10-05 09:00,2026-10-03 22:10:12.902,,,,
2026-10-04 02:19:50,2026-10-05,11:00 - 11:15,2026-10-05 09:15,2026-10-03 22:10:12.902,,,,
2026-10-04 02:19:50,2026-10-05,11:15 - 11:30,2026-10-05 09:30,2026-10-03 22:10:12.902,,,,
2026-10-04 02:19:50,2026-10-05,11:30 - 11:45,2026-10-05 09:45,2026-10-03 22:10:12.902,,,,
2026-10-04 02:19:50,2026-10-05,11:45 - 12:00,2026-10-05 10:00,2026-10-03 22:10:12.902,,,,
2026-10-04 02:19:50,2026-10-05,12:00 - 12:15,2026-10-05 10:15,2026-10-03 22:10:12.902,,,,
2026-10-04 02:19:50,2026-10-05,12:15 - 12:30,2026-10-05 10:30,2026-10-03 22:10:12.902,,,,
2026-10-04 02:19:50,2026-10-05,12:30 - 12:45,2026-10-05 10:45,2026-10-03 22:10:12.902,,,,
2026-10-04 02:19:50,2026-10-05,12:45 - 13:00,2026-10-05 11:00,2026-10-03 22:10:12.902,,,,
2026-10-04 02:19:50,2026-10-05,13:00 - 13:15,2026-10-05 11:15,2026-10-03 22:10:12.902,,,,
2026-10-04 02:19:50,2026-10-05,13:15 - 13:30,2026-10-05 11:30,2026-10-03 22:10:12.902,,,,
2026-10-04 02:19:50,2026-10-05,13:30 - 13:45,2026-10-05 11:45,2026-10-03 22:10:12.902,,,,
2026-10-04 02:19:50,2026-10-05,13:45 - 14:00,2026-10-05 12:00,2026-10-03 22:10:12.902,,,,
2026-10-04 02:19:50,2026-10-05,14:00 - 14:15,2026-10-05 12:15,2026-10-03 22:10:12.902,,,,
2026-10-04 02:19:50,2026-10-05,14:15 - 14:30,2026-10-05 12:30,2026-10-03 22:10:12.902,,,,
2026-10-04 02:19:50,2026-10-05,14:30 - 14:45,2026-10-05 12:45,2026-10-03 22:10:12.902,,,,
2026-10-04 02:19:50,2026-10-05,14:45 - 15:00,2026-10-05 13:00,2026-10-03 22:10:12.902,,,,
2026-10-04 02:19:50,2026-10-05,15:00 - 15:15,2026-10-05 13:15,2026-10-03 22:10:12.902,,,,
2026-10-04 02:19:50,2026-10-05,15:15 - 15:30,2026-10-05 13:30,2026-10-03 22:10:12.902,,,,
2026-10-04 02:19:50,2026-10-05,15:30 - 15:45,2026-10-05 13:45,2026-10-03 22:10:12.902,,,,
2026-10-04 02:19:50,2026-10-05,15:45 - 16:00,2026-10-05 14:00,2026-10-03 22:10:12.902,,,,
2026-10-04 02:19:50,2026-10-05,16:00 - 16:15,2026-10-05 14:15,2026-10-03 22:10:12.902,,,,
2026-10-04 02:19:50,2026-10-05,16:15 - 16:30,2026-10-05 14:30,2026-10-03 22:10:12.902,,,,
2026-10-04 02:19:50,2026-10-05,16:30 - 16:45,2026-10-05 14:45,2026-10-03 22:10:12.902,,,,
2026-10-04 02:19:50,2026-10-05,16:45 - 17:00,2026-10-05 15:00,2026-10-03 22:10:12.902,,,,
2026-10-04 02:19:50,2026-10-05,17:00 - 17:15,2026-10-05 15:15,2026-10-03 22:10:12.902,,,,
2026-10-04 02:19:50,2026-10-05,17:15 - 17:30,2026-10-05 15:30,2026-10-03 22:10:12.902,,,,
2026-10-04 02:19:50,2026-10-05,17:30 - 17:45,2026-10-05 15:45,2026-10-03 22:10:12.902,,,,
2026-10-04 02:19:50,2026-10-05,17:45 - 18:00,2026-10-05 16:00,2026-10-03 22:10:12.902,,,,
2026-10-04 02:19:50,2026-10-05,18:00 - 18:15,2026-10-05 16:15,2026-10-03 22:10:12.902,,,,
2026-10-04 02:19:50,2026-10-05,18:15 - 18:30,2026-10-05 16:30,2026-10-03 22:10:12.902,,,,
2026-10-04 02:19:50,2026-10-05,18:30 - 18:45,2026-10-05 16:45,2026-10-03 22:10:12.902,,,,
2026-10-04 02:19:50,2026-10-05,18:45 - 19:00,2026-10-05 17:00,2026-10-03 22:10:12.902,,,,
2026-10-04 02:19:50,2026-10-05,19:00 - 19:15,2026-10-05 17:15,2026-10-03 22:10:12.902,,,,
2026-10-04 02:19:50,2026-10-05,19:15 - 19:30,2026-10-05 17:30,2026-10-03 22:10:12.902,,,,
2026-10-04 02:19:50,2026-10-05,19:30 - 19:45,2026-10-05 17:45,2026-10-03 22:10:12.902,,,,
2026-10-04 02:19:50,2026-10-05,19:45 - 20:00,2026-10-05 18:00,2026-10-03 22:10:12.902,,,,
2026-10-04 02:19:50,2026-10-05,20:00 - 20:15,2026-10-05 18:15,2026-10-03 22:10:12.902,,,,
2026-10-04 02:19:50,2026-10-05,20:15 - 20:30,2026-10-05 18:30,2026-10-03 22:10:12.902,,,,
2026-10-04 02:19:50,2026-10-05,20:30 - 20:45,2026-10-05 18:45,2026-10-03 22:10:12.902,,,,
2026-10-04 02:19:50,2026-10-05,20:45 - 21:00,2026-10-05 19:00,2026-10-03 22:10:12.902,,,,
2026-10-04 02:19:50,2026-10-05,21:00 - 21:15,2026-10-05 19:15,2026-10-03 22:10:12.902,,,,
2026-10-04 02:19:50,2026-10-05,21:15 - 21:30,2026-10-05 19:30,2026-10-03 22:10:12.902,,,,
2026-10-04 02:19:50,2026-10-05,21:30 - 21:45,2026-10-05 19:45,2026-10-03 22:10:12.902,,,,
2026-10-04 02:19:50,2026-10-05,21:45 - 22:00,2026-10-05 20:00,2026-10-03 22:10:12.902,,,,
2026-10-04 02:19:50,2026-10-05,22:00 - 22:15,2026-10-05 20:15,2026-10-03 22:10:12.902,,,,
2026-10-04 02:19:50,2026-10-05,22:15 - 22:30,2026-10-05 20:30,2026-10-03 22:10:12.902,,,,
2026-10-04 02:19:50,2026-10-05,22:30 - 22:45,2026-10-05 20:45,2026-10-03 22:10:12.902,,,,
2026-10-04 02:19:50,2026-10-05,22:45 - 23:00,2026-10-05 21:00,2026-10-03 22:10:12.902,,,,
2026-10-04 02:19:50,2026-10-05,23:00 - 23:15,2026-10-05 21:15,2026-10-03 22:10:12.902,,,,
2026-10-04 02:19:50,2026-10-05,23:15 - 23:30,2026-10-05 21:30,2026-10-03 22:10:12.902,,,,
2026-10-04 02:19:50,2026-10-05,23:30 - 23:45,2026-10-05 21:45,2026-10-03 22:10:12.902,,,,
2026-10-04 02:19:50,2026-10-05,23:45 - 24:00,2026-10-05 22:00,2026-10-03 22:10:12.902,,,,
2026-10-04 11:04:16,2026-10-04,00:00 - 00:15,2026-10-03 22:15,2026-10-04 10:22:26.654,,,,
2026-10-04 11:04:16,2026-10-04,00:15 - 00:30,2026-10-03 22:30,2026-10-04 10:22:26.654,,,,
2026-10-04 11:04:16,2026-10-04,00:30 - 00:45,2026-10-03 22:45,2026-10-04 10:22:26.654,,,,
2026-10-04 11:04:16,2026-10-04,00:45 - 01:00,2026-10-03 23:00,2026-10-04 10:22:26.654,,,,
2026-10-04 11:04:16,2026-10-04,01:00 - 01:15,2026-10-03 23:15,2026-10-04 10:22:26.654,,,,
2026-10-04 11:04:16,2026-10-04,01:15 - 01:30,2026-10-03 23:30,2026-10-04 10:22:26.654,,,,
2026-10-04 11:04:16,2026-10-04,01:30 - 01:45,2026-10-03 23:45,2026-10-04 10:22:26.654,,,,
2026-10-04 11:04:16,2026-10-04,01:45 - 02:00,2026-10-04 00:00,2026-10-04 10:22:26.654,,,,
2026-10-04 11:04:16,2026-10-04,02:00 - 02:15,2026-10-04 00:15,2026-10-04 10:22:26.654,,,,
2026-10-04 11:04:16,2026-10-04,02:15 - 02:30,2026-10-04 00:30,2026-10-04 10:22:26.654,,,,
2026-10-04 11:04:16,2026-10-04,02:30 - 02:45,2026-10-04 00:45,2026-10-04 10:22:26.654,,,,
2026-10-04 11:04:16,2026-10-04,02:45 - 03:00,2026-10-04 01:00,2026-10-04 10:22:26.654,,,,
2026-10-04 11:04:16,2026-10-04,03:00 - 03:15,2026-10-04 01:15,2026-10-04 10:22:26.654,,,,
2026-10-04 11:04:16,2026-10-04,03:15 - 03:30,2026-10-04 01:30,2026-10-04 10:22:26.654,,,,
2026-10-04 11:04:16,2026-10-04,03:30 - 03:45,2026-10-04 01:45,2026-10-04 10:22:26.654,,,,
2026-10-04 11:04:16,2026-10-04,03:45 - 04:00,2026-10-04 02:00,2026-10-04 10:22:26.654,,,,
2026-10-04 11:04:16,2026-10-04,04:00 - 04:15,2026-10-04 02:15,2026-10-04 10:22:26.654,,,,
2026-10-04 11:04:16,2026-10-04,04:15 - 04:30,2026-10-04 02:30,2026-10-04 10:22:26.654,,,,
2026-10-04 11:04:16,2026-10-04,04:30 - 04:45,2026-10-04 02:45,2026-10-04 10:22:26.654,,,,
2026-10-04 11:04:16,2026-10-04,04:45 - 05:00,2026-10-04 03:00,2026-10-04 10:22:26.654,,,,
2026-10-04 11:04:16,2026-10-04,05:00 - 05:15,2026-10-04 03:15,2026-10-04 10:22:26.654,,,,
2026-10-04 11:04:16,2026-10-04,05:15 - 05:30,2026-10-04 03:30,2026-10-04 10:22:26.654,,,,
2026-10-04 11:04:16,2026-10-04,05:30 - 05:45,2026-10-04 03:45,2026-10-04 10:22:26.654,,,,
2026-10-04 11:04:16,2026-10-04,05:45 - 06:00,2026-10-04 04:00,2026-10-04 10:22:26.654,,,,
2026-10-04 11:04:16,2026-10-04,06:00 - 06:15,2026-10-04 04:15,2026-10-04 10:22:26.654,,,,
2026-10-04 11:04:16,2026-10-04,06:15 - 06:30,2026-10-04 04:30,2026-10-04 10:22:26.654,,,,
2026-10-04 11:04:16,2026-10-04,06:30 - 06:45,2026-10-04 04:45,2026-10-04 10:22:26.654,,,,
2026-10-04 11:04:16,2026-10-04,06:45 - 07:00,2026-10-04 05:00,2026-10-04 10:22:26.654,,,,
2026-10-04 11:04:16,2026-10-04,07:00 - 07:15,2026-10-04 05:15,2026-10-04 10:22:26.654,,,,
2026-10-04 11:04:16,2026-10-04,07:15 - 07:30,2026-10-04 05:30,2026-10-04 10:22:26.654,,,,
2026-10-04 11:04:16,2026-10-04,07:30 - 07:45,2026-10-04 05:45,2026-10-04 10:22:26.654,,,,
2026-10-04 11:04:16,2026-10-04,07:45 - 08:00,2026-10-04 06:00,2026-10-04 10:22:26.654,,,,
2026-10-04 11:04:16,2026-10-04,08:00 - 08:15,2026-10-04 06:15,2026-10-04 10:22:26.654,,,,
2026-10-04 11:04:16,2026-10-04,08:15 - 08:30,2026-10-04 06:30,2026-10-04 10:22:26.654,,,,
2026-10-04 11:04:16,2026-10-04,08:30 - 08:45,2026-10-04 06:45,2026-10-04 10:22:26.654,,,,
2026-10-04 11:04:16,2026-10-04,08:45 - 09:00,2026-10-04 07:00,2026-10-04 10:22:26.654,,,,
2026-10-04 11:04:16,2026-10-04,09:00 - 09:15,2026-10-04 07:15,2026-10-04 10:22:26.654,,,,
2026-10-04 11:04:16,2026-10-04,09:15 - 09:30,2026-10-04 07:30,2026-10-04 10:22:26.654,,,,
2026-10-04 11:04:16,2026-10-04,09:30 - 09:45,2026-10-04 07:45,2026-10-04 10:22:26.654,,,,
2026-10-04 11:04:16,2026-10-04,09:45 - 10:00,2026-10-04 08:00,2026-10-04 10:22:26.654,,,,
2026-10-04 11:04:16,2026-10-04,10:00 - 10:15,2026-10-04 08:15,2026-10-04 10:22:26.654,,,,
2026-10-04 11:04:16,2026-10-04,10:15 - 10:30,2026-10-04 08:30,2026-10-04 10:22:26.654,,,,
2026-10-04 11:04:16,2026-10-04,10:30 - 10:45,2026-10-04 08:45,2026-10-04 10:22:26.654,,,,
2026-10-04 11:04:16,2026-10-04,10:45 - 11:00,2026-10-04 09:00,2026-10-04 10:22:26.654,,,,
2026-10-04 11:04:16,2026-10-04,11:00 - 11:15,2026-10-04 09:15,2026-10-04 10:22:26.654,,,,
2026-10-04 11:04:16,2026-10-04,11:15 - 11:30,2026-10-04 09:30,2026-10-04 10:22:26.654,,,,
2026-10-04 11:04:16,2026-10-04,11:30 - 11:45,2026-10-04 09:45,2026-10-04 10:22:26.654,,,,
2026-10-04 11:04:16,2026-10-04,11:45 - 12:00,2026-10-04 10:00,2026-10-04 10:22:26.654,,,,
2026-10-04 11:04:16,2026-10-04,12:00 - 12:15,2026-10-04 10:15,2026-10-04 10:22:26.654,-500.0,,,
2026-10-04 11:04:16,2026-10-04,12:15 - 12:30,2026-10-04 10:30,2026-10-04 10:22:26.654,-500.0,,,
2026-10-04 11:04:16,2026-10-04,12:30 - 12:45,2026-10-04 10:45,2026-10-04 10:22:26.654,-500.0,,,
2026-10-04 11:04:16,2026-10-04,12:45 - 13:00,2026-10-04 11:00,2026-10-04 10:22:26.654,-500.0,,,
2026-10-04 11:04:16,2026-10-04,13:00 - 13:15,2026-10-04 11:15,2026-10-04 10:22:26.654,-805.4,,,
2026-10-04 11:04:16,2026-10-04,13:15 - 13:30,2026-10-04 11:30,2026-10-04 10:22:26.654,-805.4,,,
2026-10-04 11:04:16,2026-10-04,13:30 - 13:45,2026-10-04 11:45,2026-10-04 10:22:26.654,-805.4,,,
2026-10-04 11:04:16,2026-10-04,13:45 - 14:00,2026-10-04 12:00,2026-10-04 10:22:26.654,-805.4,,,
2026-10-04 11:04:16,2026-10-04,14:00 - 14:15,2026-10-04 12:15,2026-10-04 10:22:26.654,,,,
2026-10-04 11:04:16,2026-10-04,14:15 - 14:30,2026-10-04 12:30,2026-10-04 10:22:26.654,,,,
2026-10-04 11:04:16,2026-10-04,14:30 - 14:45,2026-10-04 12:45,2026-10-04 10:22:26.654,,,,
2026-10-04 11:04:16,2026-10-04,14:45 - 15:00,2026-10-04 13:00,2026-10-04 10:22:26.654,,,,
2026-10-04 11:04:16,2026-10-04,15:00 - 15:15,2026-10-04 13:15,2026-10-04 10:22:26.654,,,,
2026-10-04 11:04:16,2026-10-04,15:15 - 15:30,2026-10-04 13:30,2026-10-04 10:22:26.654,,,,
2026-10-04 11:04:16,2026-10-04,15:30 - 15:45,2026-10-04 13:45,2026-10-04 10:22:26.654,,,,
2026-10-04 11:04:16,2026-10-04,15:45 - 16:00,2026-10-04 14:00,2026-10-04 10:22:26.654,,,,
2026-10-04 11:04:16,2026-10-04,16:00 - 16:15,2026-10-04 14:15,2026-10-04 10:22:26.654,,,,
2026-10-04 11:04:16,2026-10-04,16:15 - 16:30,2026-10-04 14:30,2026-10-04 10:22:26.654,,,,
2026-10-04 11:04:16,2026-10-04,16:30 - 16:45,2026-10-04 14:45,2026-10-04 10:22:26.654,,,,
2026-10-04 11:04:16,2026-10-04,16:45 - 17:00,2026-10-04 15:00,2026-10-04 10:22:26.654,,,,
2026-10-04 11:04:16,2026-10-04,17:00 - 17:15,2026-10-04 15:15,2026-10-04 10:22:26.654,,,,
2026-10-04 11:04:16,2026-10-04,17:15 - 17:30,2026-10-04 15:30,2026-10-04 10:22:26.654,,,,
2026-10-04 11:04:16,2026-10-04,17:30 - 17:45,2026-10-04 15:45,2026-10-04 10:22:26.654,,,,
2026-10-04 11:04:16,2026-10-04,17:45 - 18:00,2026-10-04 16:00,2026-10-04 10:22:26.654,,,,
2026-10-04 11:04:16,2026-10-04,18:00 - 18:15,2026-10-04 16:15,2026-10-04 10:22:26.654,,,,
2026-10-04 11:04:16,2026-10-04,18:15 - 18:30,2026-10-04 16:30,2026-10-04 10:22:26.654,,,,
2026-10-04 11:04:16,2026-10-04,18:30 - 18:45,2026-10-04 16:45,2026-10-04 10:22:26.654,,,,
2026-10-04 11:04:16,2026-10-04,18:45 - 19:00,2026-10-04 17:00,2026-10-04 10:22:26.654,,,,
2026-10-04 11:04:16,2026-10-04,19:00 - 19:15,2026-10-04 17:15,2026-10-04 10:22:26.654,,,,
2026-10-04 11:04:16,2026-10-04,19:15 - 19:30,2026-10-04 17:30,2026-10-04 10:22:26.654,,,,
2026-10-04 11:04:16,2026-10-04,19:30 - 19:45,2026-10-04 17:45,2026-10-04 10:22:26.654,,,,
2026-10-04 11:04:16,2026-10-04,19:45 - 20:00,2026-10-04 18:00,2026-10-04 10:22:26.654,,,,
2026-10-04 11:04:16,2026-10-04,20:00 - 20:15,2026-10-04 18:15,2026-10-04 10:22:26.654,,,,
2026-10-04 11:04:16,2026-10-04,20:15 - 20:30,2026-10-04 18:30,2026-10-04 10:22:26.654,,,,
2026-10-04 11:04:16,2026-10-04,20:30 - 20:45,2026-10-04 18:45,2026-10-04 10:22:26.654,,,,
2026-10-04 11:04:16,2026-10-04,20:45 - 21:00,2026-10-04 19:00,2026-10-04 10:22:26.654,,,,
2026-10-04 11:04:16,2026-10-04,21:00 - 21:15,2026-10-04 19:15,2026-10-04 10:22:26.654,,,,
2026-10-04 11:04:16,2026-10-04,21:15 - 21:30,2026-10-04 19:30,2026-10-04 10:22:26.654,,,,
2026-10-04 11:04:16,2026-10-04,21:30 - 21:45,2026-10-04 19:45,2026-10-04 10:22:26.654,,,,
2026-10-04 11:04:16,2026-10-04,21:45 - 22:00,2026-10-04 20:00,2026-10-04 10:22:26.654,,,,
2026-10-04 11:04:16,2026-10-04,22:00 - 22:15,2026-10-04 20:15,2026-10-04 10:22:26.654,,,,
2026-10-04 11:04:16,2026-10-04,22:15 - 22:30,2026-10-04 20:30,2026-10-04 10:22:26.654,,,,
2026-10-04 11:04:16,2026-10-04,22:30 - 22:45,2026-10-04 20:45,2026-10-04 10:22:26.654,,,,
2026-10-04 11:04:16,2026-10-04,22:45 - 23:00,2026-10-04 21:00,2026-10-04 10:22:26.654,,,,
2026-10-04 11:04:16,2026-10-04,23:00 - 23:15,2026-10-04 21:15,2026-10-04 10:22:26.654,,,,
2026-10-04 11:04:16,2026-10-04,23:15 - 23:30,2026-10-04 21:30,2026-10-04 10:22:26.654,,,,
2026-10-04 11:04:16,2026-10-04,23:30 - 23:45,2026-10-04 21:45,2026-10-04 10:22:26.654,,,,
2026-10-04 11:04:16,2026-10-04,23:45 - 24:00,2026-10-04 22:00,2026-10-04 10:22:26.654,,,,
2026-10-04 17:59:15,2026-10-04,00:00 - 00:15,2026-10-03 22:15,2026-10-04 12:37:26.900,,,,
2026-10-04 17:59:15,2026-10-04,00:15 - 00:30,2026-10-03 22:30,2026-10-04 12:37:26.900,,,,
2026-10-04 17:59:15,2026-10-04,00:30 - 00:45,2026-10-03 22:45,2026-10-04 12:37:26.900,,,,
2026-10-04 17:59:15,2026-10-04,00:45 - 01:00,2026-10-03 23:00,2026-10-04 12:37:26.900,,,,
2026-10-04 17:59:15,2026-10-04,01:00 - 01:15,2026-10-03 23:15,2026-10-04 12:37:26.900,,,,
2026-10-04 17:59:15,2026-10-04,01:15 - 01:30,2026-10-03 23:30,2026-10-04 12:37:26.900,,,,
2026-10-04 17:59:15,2026-10-04,01:30 - 01:45,2026-10-03 23:45,2026-10-04 12:37:26.900,,,,
2026-10-04 17:59:15,2026-10-04,01:45 - 02:00,2026-10-04 00:00,2026-10-04 12:37:26.900,,,,
2026-10-04 17:59:15,2026-10-04,02:00 - 02:15,2026-10-04 00:15,2026-10-04 12:37:26.900,,,,
2026-10-04 17:59:15,2026-10-04,02:15 - 02:30,2026-10-04 00:30,2026-10-04 12:37:26.900,,,,
2026-10-04 17:59:15,2026-10-04,02:30 - 02:45,2026-10-04 00:45,2026-10-04 12:37:26.900,,,,
2026-10-04 17:59:15,2026-10-04,02:45 - 03:00,2026-10-04 01:00,2026-10-04 12:37:26.900,,,,
2026-10-04 17:59:15,2026-10-04,03:00 - 03:15,2026-10-04 01:15,2026-10-04 12:37:26.900,,,,
2026-10-04 17:59:15,2026-10-04,03:15 - 03:30,2026-10-04 01:30,2026-10-04 12:37:26.900,,,,
2026-10-04 17:59:15,2026-10-04,03:30 - 03:45,2026-10-04 01:45,2026-10-04 12:37:26.900,,,,
2026-10-04 17:59:15,2026-10-04,03:45 - 04:00,2026-10-04 02:00,2026-10-04 12:37:26.900,,,,
2026-10-04 17:59:15,2026-10-04,04:00 - 04:15,2026-10-04 02:15,2026-10-04 12:37:26.900,,,,
2026-10-04 17:59:15,2026-10-04,04:15 - 04:30,2026-10-04 02:30,2026-10-04 12:37:26.900,,,,
2026-10-04 17:59:15,2026-10-04,04:30 - 04:45,2026-10-04 02:45,2026-10-04 12:37:26.900,,,,
2026-10-04 17:59:15,2026-10-04,04:45 - 05:00,2026-10-04 03:00,2026-10-04 12:37:26.900,,,,
2026-10-04 17:59:15,2026-10-04,05:00 - 05:15,2026-10-04 03:15,2026-10-04 12:37:26.900,,,,
2026-10-04 17:59:15,2026-10-04,05:15 - 05:30,2026-10-04 03:30,2026-10-04 12:37:26.900,,,,
2026-10-04 17:59:15,2026-10-04,05:30 - 05:45,2026-10-04 03:45,2026-10-04 12:37:26.900,,,,
2026-10-04 17:59:15,2026-10-04,05:45 - 06:00,2026-10-04 04:00,2026-10-04 12:37:26.900,,,,
2026-10-04 17:59:15,2026-10-04,06:00 - 06:15,2026-10-04 04:15,2026-10-04 12:37:26.900,,,,
2026-10-04 17:59:15,2026-10-04,06:15 - 06:30,2026-10-04 04:30,2026-10-04 12:37:26.900,,,,
2026-10-04 17:59:15,2026-10-04,06:30 - 06:45,2026-10-04 04:45,2026-10-04 12:37:26.900,,,,
2026-10-04 17:59:15,2026-10-04,06:45 - 07:00,2026-10-04 05:00,2026-10-04 12:37:26.900,,,,
2026-10-04 17:59:15,2026-10-04,07:00 - 07:15,2026-10-04 05:15,2026-10-04 12:37:26.900,,,,
2026-10-04 17:59:15,2026-10-04,07:15 - 07:30,2026-10-04 05:30,2026-10-04 12:37:26.900,,,,
2026-10-04 17:59:15,2026-10-04,07:30 - 07:45,2026-10-04 05:45,2026-10-04 12:37:26.900,,,,
2026-10-04 17:59:15,2026-10-04,07:45 - 08:00,2026-10-04 06:00,2026-10-04 12:37:26.900,,,,
2026-10-04 17:59:15,2026-10-04,08:00 - 08:15,2026-10-04 06:15,2026-10-04 12:37:26.900,,,,
2026-10-04 17:59:15,2026-10-04,08:15 - 08:30,2026-10-04 06:30,2026-10-04 12:37:26.900,,,,
2026-10-04 17:59:15,2026-10-04,08:30 - 08:45,2026-10-04 06:45,2026-10-04 12:37:26.900,,,,
2026-10-04 17:59:15,2026-10-04,08:45 - 09:00,2026-10-04 07:00,2026-10-04 12:37:26.900,,,,
2026-10-04 17:59:15,2026-10-04,09:00 - 09:15,2026-10-04 07:15,2026-10-04 12:37:26.900,,,,
2026-10-04 17:59:15,2026-10-04,09:15 - 09:30,2026-10-04 07:30,2026-10-04 12:37:26.900,,,,
2026-10-04 17:59:15,2026-10-04,09:30 - 09:45,2026-10-04 07:45,2026-10-04 12:37:26.900,,,,
2026-10-04 17:59:15,2026-10-04,09:45 - 10:00,2026-10-04 08:00,2026-10-04 12:37:26.900,,,,
2026-10-04 17:59:15,2026-10-04,10:00 - 10:15,2026-10-04 08:15,2026-10-04 12:37:26.900,,,,
2026-10-04 17:59:15,2026-10-04,10:15 - 10:30,2026-10-04 08:30,2026-10-04 12:37:26.900,,,,
2026-10-04 17:59:15,2026-10-04,10:30 - 10:45,2026-10-04 08:45,2026-10-04 12:37:26.900,,,,
2026-10-04 17:59:15,2026-10-04,10:45 - 11:00,2026-10-04 09:00,2026-10-04 12:37:26.900,,,,
2026-10-04 17:59:15,2026-10-04,11:00 - 11:15,2026-10-04 09:15,2026-10-04 12:37:26.900,,,,
2026-10-04 17:59:15,2026-10-04,11:15 - 11:30,2026-10-04 09:30,2026-10-04 12:37:26.900,,,,
2026-10-04 17:59:15,2026-10-04,11:30 - 11:45,2026-10-04 09:45,2026-10-04 12:37:26.900,,,,
2026-10-04 17:59:15,2026-10-04,11:45 - 12:00,2026-10-04 10:00,2026-10-04 12:37:26.900,,,,
2026-10-04 17:59:15,2026-10-04,12:00 - 12:15,2026-10-04 10:15,2026-10-04 12:37:26.900,-500.0,,,
2026-10-04 17:59:15,2026-10-04,12:15 - 12:30,2026-10-04 10:30,2026-10-04 12:37:26.900,-500.0,,,
2026-10-04 17:59:15,2026-10-04,12:30 - 12:45,2026-10-04 10:45,2026-10-04 12:37:26.900,-500.0,,,
2026-10-04 17:59:15,2026-10-04,12:45 - 13:00,2026-10-04 11:00,2026-10-04 12:37:26.900,-500.0,,,
2026-10-04 17:59:15,2026-10-04,13:00 - 13:15,2026-10-04 11:15,2026-10-04 12:37:26.900,-805.4,,,
2026-10-04 17:59:15,2026-10-04,13:15 - 13:30,2026-10-04 11:30,2026-10-04 12:37:26.900,-805.4,,,
2026-10-04 17:59:15,2026-10-04,13:30 - 13:45,2026-10-04 11:45,2026-10-04 12:37:26.900,-805.4,,,
2026-10-04 17:59:15,2026-10-04,13:45 - 14:00,2026-10-04 12:00,2026-10-04 12:37:26.900,-805.4,,,
2026-10-04 17:59:15,2026-10-04,14:00 - 14:15,2026-10-04 12:15,2026-10-04 12:37:26.900,-673.3,,,
2026-10-04 17:59:15,2026-10-04,14:15 - 14:30,2026-10-04 12:30,2026-10-04 12:37:26.900,-673.3,,,
2026-10-04 17:59:15,2026-10-04,14:30 - 14:45,2026-10-04 12:45,2026-10-04 12:37:26.900,-673.3,,,
2026-10-04 17:59:15,2026-10-04,14:45 - 15:00,2026-10-04 13:00,2026-10-04 12:37:26.900,-673.3,,,
2026-10-04 17:59:15,2026-10-04,15:00 - 15:15,2026-10-04 13:15,2026-10-04 12:37:26.900,-218.2,,,
2026-10-04 17:59:15,2026-10-04,15:15 - 15:30,2026-10-04 13:30,2026-10-04 12:37:26.900,-218.2,,,
2026-10-04 17:59:15,2026-10-04,15:30 - 15:45,2026-10-04 13:45,2026-10-04 12:37:26.900,-218.2,,,
2026-10-04 17:59:15,2026-10-04,15:45 - 16:00,2026-10-04 14:00,2026-10-04 12:37:26.900,-218.2,,,
2026-10-04 17:59:15,2026-10-04,16:00 - 16:15,2026-10-04 14:15,2026-10-04 12:37:26.900,,,,
2026-10-04 17:59:15,2026-10-04,16:15 - 16:30,2026-10-04 14:30,2026-10-04 12:37:26.900,,,,
2026-10-04 17:59:15,2026-10-04,16:30 - 16:45,2026-10-04 14:45,2026-10-04 12:37:26.900,,,,
2026-10-04 17:59:15,2026-10-04,16:45 - 17:00,2026-10-04 15:00,2026-10-04 12:37:26.900,,,,
2026-10-04 17:59:15,2026-10-04,17:00 - 17:15,2026-10-04 15:15,2026-10-04 12:37:26.900,,,,
2026-10-04 17:59:15,2026-10-04,17:15 - 17:30,2026-10-04 15:30,2026-10-04 12:37:26.900,,,,
2026-10-04 17:59:15,2026-10-04,17:30 - 17:45,2026-10-04 15:45,2026-10-04 12:37:26.900,,,,
2026-10-04 17:59:15,2026-10-04,17:45 - 18:00,2026-10-04 16:00,2026-10-04 12:37:26.900,,,,
2026-10-04 17:59:15,2026-10-04,18:00 - 18:15,2026-10-04 16:15,2026-10-04 12:37:26.900,,,,
2026-10-04 17:59:15,2026-10-04,18:15 - 18:30,2026-10-04 16:30,2026-10-04 12:37:26.900,,,,
2026-10-04 17:59:15,2026-10-04,18:30 - 18:45,2026-10-04 16:45,2026-10-04 12:37:26.900,,,,
2026-10-04 17:59:15,2026-10-04,18:45 - 19:00,2026-10-04 17:00,2026-10-04 12:37:26.900,,,,
2026-10-04 17:59:15,2026-10-04,19:00 - 19:15,2026-10-04 17:15,2026-10-04 12:37:26.900,,,,
2026-10-04 17:59:15,2026-10-04,19:15 - 19:30,2026-10-04 17:30,2026-10-04 12:37:26.900,,,,
2026-10-04 17:59:15,2026-10-04,19:30 - 19:45,2026-10-04 17:45,2026-10-04 12:37:26.900,,,,
2026-10-04 17:59:15,2026-10-04,19:45 - 20:00,2026-10-04 18:00,2026-10-04 12:37:26.900,,,,
2026-10-04 17:59:15,2026-10-04,20:00 - 20:15,2026-10-04 18:15,2026-10-04 12:37:26.900,,,,
2026-10-04 17:59:15,2026-10-04,20:15 - 20:30,2026-10-04 18:30,2026-10-04 12:37:26.900,,,,
2026-10-04 17:59:15,2026-10-04,20:30 - 20:45,2026-10-04 18:45,2026-10-04 12:37:26.900,,,,
2026-10-04 17:59:15,2026-10-04,20:45 - 21:00,2026-10-04 19:00,2026-10-04 12:37:26.900,,,,
2026-10-04 17:59:15,2026-10-04,21:00 - 21:15,2026-10-04 19:15,2026-10-04 12:37:26.900,,,,
2026-10-04 17:59:15,2026-10-04,21:15 - 21:30,2026-10-04 19:30,2026-10-04 12:37:26.900,,,,
2026-10-04 17:59:15,2026-10-04,21:30 - 21:45,2026-10-04 19:45,2026-10-04 12:37:26.900,,,,
2026-10-04 17:59:15,2026-10-04,21:45 - 22:00,2026-10-04 20:00,2026-10-04 12:37:26.900,,,,
2026-10-04 17:59:15,2026-10-04,22:00 - 22:15,2026-10-04 20:15,2026-10-04 12:37:26.900,,,,
2026-10-04 17:59:15,2026-10-04,22:15 - 22:30,2026-10-04 20:30,2026-10-04 12:37:26.900,,,,
2026-10-04 17:59:15,2026-10-04,22:30 - 22:45,2026-10-04 20:45,2026-10-04 12:37:26.900,,,,
2026-10-04 17:59:15,2026-10-04,22:45 - 23:00,2026-10-04 21:00,2026-10-04 12:37:26.900,,,,
2026-10-04 17:59:15,2026-10-04,23:00 - 23:15,2026-10-04 21:15,2026-10-04 12:37:26.900,,,,
2026-10-04 17:59:15,2026-10-04,23:15 - 23:30,2026-10-04 21:30,2026-10-04 12:37:26.900,,,,
2026-10-04 17:59:15,2026-10-04,23:30 - 23:45,2026-10-04 21:45,2026-10-04 12:37:26.900,,,,
2026-10-04 17:59:15,2026-10-04,23:45 - 24:00,2026-10-04 22:00,2026-10-04 12:37:26.900,,,,
2026-10-05 03:17:36,2026-10-06,00:00 - 00:15,2026-10-05 22:15,2026-10-04 22:10:11.689,,,,
2026-10-05 03:17:36,2026-10-06,00:15 - 00:30,2026-10-05 22:30,2026-10-04 22:10:11.689,,,,
2026-10-05 03:17:36,2026-10-06,00:30 - 00:45,2026-10-05 22:45,2026-10-04 22:10:11.689,,,,
2026-10-05 03:17:36,2026-10-06,00:45 - 01:00,2026-10-05 23:00,2026-10-04 22:10:11.689,,,,
2026-10-05 03:17:36,2026-10-06,01:00 - 01:15,2026-10-05 23:15,2026-10-04 22:10:11.689,,,,
2026-10-05 03:17:36,2026-10-06,01:15 - 01:30,2026-10-05 23:30,2026-10-04 22:10:11.689,,,,
2026-10-05 03:17:36,2026-10-06,01:30 - 01:45,2026-10-05 23:45,2026-10-04 22:10:11.689,,,,
2026-10-05 03:17:36,2026-10-06,01:45 - 02:00,2026-10-06 00:00,2026-10-04 22:10:11.689,,,,
2026-10-05 03:17:36,2026-10-06,02:00 - 02:15,2026-10-06 00:15,2026-10-04 22:10:11.689,,,,
2026-10-05 03:17:36,2026-10-06,02:15 - 02:30,2026-10-06 00:30,2026-10-04 22:10:11.689,,,,
2026-10-05 03:17:36,2026-10-06,02:30 - 02:45,2026-10-06 00:45,2026-10-04 22:10:11.689,,,,
2026-10-05 03:17:36,2026-10-06,02:45 - 03:00,2026-10-06 01:00,2026-10-04 22:10:11.689,,,,
2026-10-05 03:17:36,2026-10-06,03:00 - 03:15,2026-10-06 01:15,2026-10-04 22:10:11.689,,,,
2026-10-05 03:17:36,2026-10-06,03:15 - 03:30,2026-10-06 01:30,2026-10-04 22:10:11.689,,,,
2026-10-05 03:17:36,2026-10-06,03:30 - 03:45,2026-10-06 01:45,2026-10-04 22:10:11.689,,,,
2026-10-05 03:17:36,2026-10-06,03:45 - 04:00,2026-10-06 02:00,2026-10-04 22:10:11.689,,,,
2026-10-05 03:17:36,2026-10-06,04:00 - 04:15,2026-10-06 02:15,2026-10-04 22:10:11.689,,,,
2026-10-05 03:17:36,2026-10-06,04:15 - 04:30,2026-10-06 02:30,2026-10-04 22:10:11.689,,,,
2026-10-05 03:17:36,2026-10-06,04:30 - 04:45,2026-10-06 02:45,2026-10-04 22:10:11.689,,,,
2026-10-05 03:17:36,2026-10-06,04:45 - 05:00,2026-10-06 03:00,2026-10-04 22:10:11.689,,,,
2026-10-05 03:17:36,2026-10-06,05:00 - 05:15,2026-10-06 03:15,2026-10-04 22:10:11.689,,,,
2026-10-05 03:17:36,2026-10-06,05:15 - 05:30,2026-10-06 03:30,2026-10-04 22:10:11.689,,,,
2026-10-05 03:17:36,2026-10-06,05:30 - 05:45,2026-10-06 03:45,2026-10-04 22:10:11.689,,,,
2026-10-05 03:17:36,2026-10-06,05:45 - 06:00,2026-10-06 04:00,2026-10-04 22:10:11.689,,,,
2026-10-05 03:17:36,2026-10-06,06:00 - 06:15,2026-10-06 04:15,2026-10-04 22:10:11.689,,,,
2026-10-05 03:17:36,2026-10-06,06:15 - 06:30,2026-10-06 04:30,2026-10-04 22:10:11.689,,,,
2026-10-05 03:17:36,2026-10-06,06:30 - 06:45,2026-10-06 04:45,2026-10-04 22:10:11.689,,,,
2026-10-05 03:17:36,2026-10-06,06:45 - 07:00,2026-10-06 05:00,2026-10-04 22:10:11.689,,,,
2026-10-05 03:17:36,2026-10-06,07:00 - 07:15,2026-10-06 05:15,2026-10-04 22:10:11.689,,,,
2026-10-05 03:17:36,2026-10-06,07:15 - 07:30,2026-10-06 05:30,2026-10-04 22:10:11.689,,,,
2026-10-05 03:17:36,2026-10-06,07:30 - 07:45,2026-10-06 05:45,2026-10-04 22:10:11.689,,,,
2026-10-05 03:17:36,2026-10-06,07:45 - 08:00,2026-10-06 06:00,2026-10-04 22:10:11.689,,,,
2026-10-05 03:17:36,2026-10-06,08:00 - 08:15,2026-10-06 06:15,2026-10-04 22:10:11.689,,,,
2026-10-05 03:17:36,2026-10-06,08:15 - 08:30,2026-10-06 06:30,2026-10-04 22:10:11.689,,,,
2026-10-05 03:17:36,2026-10-06,08:30 - 08:45,2026-10-06 06:45,2026-10-04 22:10:11.689,,,,
2026-10-05 03:17:36,2026-10-06,08:45 - 09:00,2026-10-06 07:00,2026-10-04 22:10:11.689,,,,
2026-10-05 03:17:36,2026-10-06,09:00 - 09:15,2026-10-06 07:15,2026-10-04 22:10:11.689,,,,
2026-10-05 03:17:36,2026-10-06,09:15 - 09:30,2026-10-06 07:30,2026-10-04 22:10:11.689,,,,
2026-10-05 03:17:36,2026-10-06,09:30 - 09:45,2026-10-06 07:45,2026-10-04 22:10:11.689,,,,
2026-10-05 03:17:36,2026-10-06,09:45 - 10:00,2026-10-06 08:00,2026-10-04 22:10:11.689,,,,
2026-10-05 03:17:36,2026-10-06,10:00 - 10:15,2026-10-06 08:15,2026-10-04 22:10:11.689,,,,
2026-10-05 03:17:36,2026-10-06,10:15 - 10:30,2026-10-06 08:30,2026-10-04 22:10:11.689,,,,
2026-10-05 03:17:36,2026-10-06,10:30 - 10:45,2026-10-06 08:45,2026-10-04 22:10:11.689,,,,
2026-10-05 03:17:36,2026-10-06,10:45 - 11:00,2026-10-06 09:00,2026-10-04 22:10:11.689,,,,
2026-10-05 03:17:36,2026-10-06,11:00 - 11:15,2026-10-06 09:15,2026-10-04 22:10:11.689,,,,
2026-10-05 03:17:36,2026-10-06,11:15 - 11:30,2026-10-06 09:30,2026-10-04 22:10:11.689,,,,
2026-10-05 03:17:36,2026-10-06,11:30 - 11:45,2026-10-06 09:45,2026-10-04 22:10:11.689,,,,
2026-10-05 03:17:36,2026-10-06,11:45 - 12:00,2026-10-06 10:00,2026-10-04 22:10:11.689,,,,
2026-10-05 03:17:36,2026-10-06,12:00 - 12:15,2026-10-06 10:15,2026-10-04 22:10:11.689,,,,
2026-10-05 03:17:36,2026-10-06,12:15 - 12:30,2026-10-06 10:30,2026-10-04 22:10:11.689,,,,
2026-10-05 03:17:36,2026-10-06,12:30 - 12:45,2026-10-06 10:45,2026-10-04 22:10:11.689,,,,
2026-10-05 03:17:36,2026-10-06,12:45 - 13:00,2026-10-06 11:00,2026-10-04 22:10:11.689,,,,
2026-10-05 03:17:36,2026-10-06,13:00 - 13:15,2026-10-06 11:15,2026-10-04 22:10:11.689,,,,
2026-10-05 03:17:36,2026-10-06,13:15 - 13:30,2026-10-06 11:30,2026-10-04 22:10:11.689,,,,
2026-10-05 03:17:36,2026-10-06,13:30 - 13:45,2026-10-06 11:45,2026-10-04 22:10:11.689,,,,
2026-10-05 03:17:36,2026-10-06,13:45 - 14:00,2026-10-06 12:00,2026-10-04 22:10:11.689,,,,
2026-10-05 03:17:36,2026-10-06,14:00 - 14:15,2026-10-06 12:15,2026-10-04 22:10:11.689,,,,
2026-10-05 03:17:36,2026-10-06,14:15 - 14:30,2026-10-06 12:30,2026-10-04 22:10:11.689,,,,
2026-10-05 03:17:36,2026-10-06,14:30 - 14:45,2026-10-06 12:45,2026-10-04 22:10:11.689,,,,
2026-10-05 03:17:36,2026-10-06,14:45 - 15:00,2026-10-06 13:00,2026-10-04 22:10:11.689,,,,
2026-10-05 03:17:36,2026-10-06,15:00 - 15:15,2026-10-06 13:15,2026-10-04 22:10:11.689,,,,
2026-10-05 03:17:36,2026-10-06,15:15 - 15:30,2026-10-06 13:30,2026-10-04 22:10:11.689,,,,
2026-10-05 03:17:36,2026-10-06,15:30 - 15:45,2026-10-06 13:45,2026-10-04 22:10:11.689,,,,
2026-10-05 03:17:36,2026-10-06,15:45 - 16:00,2026-10-06 14:00,2026-10-04 22:10:11.689,,,,
2026-10-05 03:17:36,2026-10-06,16:00 - 16:15,2026-10-06 14:15,2026-10-04 22:10:11.689,,,,
2026-10-05 03:17:36,2026-10-06,16:15 - 16:30,2026-10-06 14:30,2026-10-04 22:10:11.689,,,,
2026-10-05 03:17:36,2026-10-06,16:30 - 16:45,2026-10-06 14:45,2026-10-04 22:10:11.689,,,,
2026-10-05 03:17:36,2026-10-06,16:45 - 17:00,2026-10-06 15:00,2026-10-04 22:10:11.689,,,,
2026-10-05 03:17:36,2026-10-06,17:00 - 17:15,2026-10-06 15:15,2026-10-04 22:10:11.689,,,,
2026-10-05 03:17:36,2026-10-06,17:15 - 17:30,2026-10-06 15:30,2026-10-04 22:10:11.689,,,,
2026-10-05 03:17:36,2026-10-06,17:30 - 17:45,2026-10-06 15:45,2026-10-04 22:10:11.689,,,,
2026-10-05 03:17:36,2026-10-06,17:45 - 18:00,2026-10-06 16:00,2026-10-04 22:10:11.689,,,,
2026-10-05 03:17:36,2026-10-06,18:00 - 18:15,2026-10-06 16:15,2026-10-04 22:10:11.689,,,,
2026-10-05 03:17:36,2026-10-06,18:15 - 18:30,2026-10-06 16:30,2026-10-04 22:10:11.689,,,,
2026-10-05 03:17:36,2026-10-06,18:30 - 18:45,2026-10-06 16:45,2026-10-04 22:10:11.689,,,,
2026-10-05 03:17:36,2026-10-06,18:45 - 19:00,2026-10-06 17:00,2026-10-04 22:10:11.689,,,,
2026-10-05 03:17:36,2026-10-06,19:00 - 19:15,2026-10-06 17:15,2026-10-04 22:10:11.689,,,,
2026-10-05 03:17:36,2026-10-06,19:15 - 19:30,2026-10-06 17:30,2026-10-04 22:10:11.689,,,,
2026-10-05 03:17:36,2026-10-06,19:30 - 19:45,2026-10-06 17:45,2026-10-04 22:10:11.689,,,,
2026-10-05 03:17:36,2026-10-06,19:45 - 20:00,2026-10-06 18:00,2026-10-04 22:10:11.689,,,,
2026-10-05 03:17:36,2026-10-06,20:00 - 20:15,2026-10-06 18:15,2026-10-04 22:10:11.689,,,,
2026-10-05 03:17:36,2026-10-06,20:15 - 20:30,2026-10-06 18:30,2026-10-04 22:10:11.689,,,,
2026-10-05 03:17:36,2026-10-06,20:30 - 20:45,2026-10-06 18:45,2026-10-04 22:10:11.689,,,,
2026-10-05 03:17:36,2026-10-06,20:45 - 21:00,2026-10-06 19:00,2026-10-04 22:10:11.689,,,,
2026-10-05 03:17:36,2026-10-06,21:00 - 21:15,2026-10-06 19:15,2026-10-04 22:10:11.689,,,,
2026-10-05 03:17:36,2026-10-06,21:15 - 21:30,2026-10-06 19:30,2026-10-04 22:10:11.689,,,,
2026-10-05 03:17:36,2026-10-06,21:30 - 21:45,2026-10-06 19:45,2026-10-04 22:10:11.689,,,,
2026-10-05 03:17:36,2026-10-06,21:45 - 22:00,2026-10-06 20:00,2026-10-04 22:10:11.689,,,,
2026-10-05 03:17:36,2026-10-06,22:00 - 22:15,2026-10-06 20:15,2026-10-04 22:10:11.689,,,,
2026-10-05 03:17:36,2026-10-06,22:15 - 22:30,2026-10-06 20:30,2026-10-04 22:10:11.689,,,,
2026-10-05 03:17:36,2026-10-06,22:30 - 22:45,2026-10-06 20:45,2026-10-04 22:10:11.689,,,,
2026-10-05 03:17:36,2026-10-06,22:45 - 23:00,2026-10-06 21:00,2026-10-04 22:10:11.689,,,,
2026-10-05 03:17:36,2026-10-06,23:00 - 23:15,2026-10-06 21:15,2026-10-04 22:10:11.689,,,,
2026-10-05 03:17:36,2026-10-06,23:15 - 23:30,2026-10-06 21:30,2026-10-04 22:10:11.689,,,,
2026-10-05 03:17:36,2026-10-06,23:30 - 23:45,2026-10-06 21:45,2026-10-04 22:10:11.689,,,,
2026-10-05 03:17:36,2026-10-06,23:45 - 24:00,2026-10-06 22:00,2026-10-04 22:10:11.689,,,,
2026-10-05 08:48:31,2026-10-05,00:00 - 00:15,2026-10-04 22:15,2026-10-05 08:31:50.946,,,,
2026-10-05 08:48:31,2026-10-05,00:15 - 00:30,2026-10-04 22:30,2026-10-05 08:31:50.946,,,,
2026-10-05 08:48:31,2026-10-05,00:30 - 00:45,2026-10-04 22:45,2026-10-05 08:31:50.946,,,,
2026-10-05 08:48:31,2026-10-05,00:45 - 01:00,2026-10-04 23:00,2026-10-05 08:31:50.946,,,,
2026-10-05 08:48:31,2026-10-05,01:00 - 01:15,2026-10-04 23:15,2026-10-05 08:31:50.946,,,,
2026-10-05 08:48:31,2026-10-05,01:15 - 01:30,2026-10-04 23:30,2026-10-05 08:31:50.946,,,,
2026-10-05 08:48:31,2026-10-05,01:30 - 01:45,2026-10-04 23:45,2026-10-05 08:31:50.946,,,,
2026-10-05 08:48:31,2026-10-05,01:45 - 02:00,2026-10-05 00:00,2026-10-05 08:31:50.946,,,,
2026-10-05 08:48:31,2026-10-05,02:00 - 02:15,2026-10-05 00:15,2026-10-05 08:31:50.946,,,,
2026-10-05 08:48:31,2026-10-05,02:15 - 02:30,2026-10-05 00:30,2026-10-05 08:31:50.946,,,,
2026-10-05 08:48:31,2026-10-05,02:30 - 02:45,2026-10-05 00:45,2026-10-05 08:31:50.946,,,,
2026-10-05 08:48:31,2026-10-05,02:45 - 03:00,2026-10-05 01:00,2026-10-05 08:31:50.946,,,,
2026-10-05 08:48:31,2026-10-05,03:00 - 03:15,2026-10-05 01:15,2026-10-05 08:31:50.946,,,,
2026-10-05 08:48:31,2026-10-05,03:15 - 03:30,2026-10-05 01:30,2026-10-05 08:31:50.946,,,,
2026-10-05 08:48:31,2026-10-05,03:30 - 03:45,2026-10-05 01:45,2026-10-05 08:31:50.946,,,,
2026-10-05 08:48:31,2026-10-05,03:45 - 04:00,2026-10-05 02:00,2026-10-05 08:31:50.946,,,,
2026-10-05 08:48:31,2026-10-05,04:00 - 04:15,2026-10-05 02:15,2026-10-05 08:31:50.946,,,,
2026-10-05 08:48:31,2026-10-05,04:15 - 04:30,2026-10-05 02:30,2026-10-05 08:31:50.946,,,,
2026-10-05 08:48:31,2026-10-05,04:30 - 04:45,2026-10-05 02:45,2026-10-05 08:31:50.946,,,,
2026-10-05 08:48:31,2026-10-05,04:45 - 05:00,2026-10-05 03:00,2026-10-05 08:31:50.946,,,,
2026-10-05 08:48:31,2026-10-05,05:00 - 05:15,2026-10-05 03:15,2026-10-05 08:31:50.946,,,,
2026-10-05 08:48:31,2026-10-05,05:15 - 05:30,2026-10-05 03:30,2026-10-05 08:31:50.946,,,,
2026-10-05 08:48:31,2026-10-05,05:30 - 05:45,2026-10-05 03:45,2026-10-05 08:31:50.946,,,,
2026-10-05 08:48:31,2026-10-05,05:45 - 06:00,2026-10-05 04:00,2026-10-05 08:31:50.946,,,,
2026-10-05 08:48:31,2026-10-05,06:00 - 06:15,2026-10-05 04:15,2026-10-05 08:31:50.946,,,,
2026-10-05 08:48:31,2026-10-05,06:15 - 06:30,2026-10-05 04:30,2026-10-05 08:31:50.946,,,,
2026-10-05 08:48:31,2026-10-05,06:30 - 06:45,2026-10-05 04:45,2026-10-05 08:31:50.946,,,,
2026-10-05 08:48:31,2026-10-05,06:45 - 07:00,2026-10-05 05:00,2026-10-05 08:31:50.946,,,,
2026-10-05 08:48:31,2026-10-05,07:00 - 07:15,2026-10-05 05:15,2026-10-05 08:31:50.946,,,,
2026-10-05 08:48:31,2026-10-05,07:15 - 07:30,2026-10-05 05:30,2026-10-05 08:31:50.946,,,,
2026-10-05 08:48:31,2026-10-05,07:30 - 07:45,2026-10-05 05:45,2026-10-05 08:31:50.946,,,,
2026-10-05 08:48:31,2026-10-05,07:45 - 08:00,2026-10-05 06:00,2026-10-05 08:31:50.946,,,,
2026-10-05 08:48:31,2026-10-05,08:00 - 08:15,2026-10-05 06:15,2026-10-05 08:31:50.946,,,,
2026-10-05 08:48:31,2026-10-05,08:15 - 08:30,2026-10-05 06:30,2026-10-05 08:31:50.946,,,,
2026-10-05 08:48:31,2026-10-05,08:30 - 08:45,2026-10-05 06:45,2026-10-05 08:31:50.946,,,,
2026-10-05 08:48:31,2026-10-05,08:45 - 09:00,2026-10-05 07:00,2026-10-05 08:31:50.946,,,,
2026-10-05 08:48:31,2026-10-05,09:00 - 09:15,2026-10-05 07:15,2026-10-05 08:31:50.946,,,,
2026-10-05 08:48:31,2026-10-05,09:15 - 09:30,2026-10-05 07:30,2026-10-05 08:31:50.946,,,,
2026-10-05 08:48:31,2026-10-05,09:30 - 09:45,2026-10-05 07:45,2026-10-05 08:31:50.946,,,,
2026-10-05 08:48:31,2026-10-05,09:45 - 10:00,2026-10-05 08:00,2026-10-05 08:31:50.946,,,,
2026-10-05 08:48:31,2026-10-05,10:00 - 10:15,2026-10-05 08:15,2026-10-05 08:31:50.946,,,,
2026-10-05 08:48:31,2026-10-05,10:15 - 10:30,2026-10-05 08:30,2026-10-05 08:31:50.946,,,,
2026-10-05 08:48:31,2026-10-05,10:30 - 10:45,2026-10-05 08:45,2026-10-05 08:31:50.946,,,,
2026-10-05 08:48:31,2026-10-05,10:45 - 11:00,2026-10-05 09:00,2026-10-05 08:31:50.946,,,,
2026-10-05 08:48:31,2026-10-05,11:00 - 11:15,2026-10-05 09:15,2026-10-05 08:31:50.946,-800.0,,,
2026-10-05 08:48:31,2026-10-05,11:15 - 11:30,2026-10-05 09:30,2026-10-05 08:31:50.946,-800.0,,,
2026-10-05 08:48:31,2026-10-05,11:30 - 11:45,2026-10-05 09:45,2026-10-05 08:31:50.946,-800.0,,,
2026-10-05 08:48:31,2026-10-05,11:45 - 12:00,2026-10-05 10:00,2026-10-05 08:31:50.946,-800.0,,,
2026-10-05 08:48:31,2026-10-05,12:00 - 12:15,2026-10-05 10:15,2026-10-05 08:31:50.946,,,,
2026-10-05 08:48:31,2026-10-05,12:15 - 12:30,2026-10-05 10:30,2026-10-05 08:31:50.946,,,,
2026-10-05 08:48:31,2026-10-05,12:30 - 12:45,2026-10-05 10:45,2026-10-05 08:31:50.946,,,,
2026-10-05 08:48:31,2026-10-05,12:45 - 13:00,2026-10-05 11:00,2026-10-05 08:31:50.946,,,,
2026-10-05 08:48:31,2026-10-05,13:00 - 13:15,2026-10-05 11:15,2026-10-05 08:31:50.946,,,,
2026-10-05 08:48:31,2026-10-05,13:15 - 13:30,2026-10-05 11:30,2026-10-05 08:31:50.946,,,,
2026-10-05 08:48:31,2026-10-05,13:30 - 13:45,2026-10-05 11:45,2026-10-05 08:31:50.946,,,,
2026-10-05 08:48:31,2026-10-05,13:45 - 14:00,2026-10-05 12:00,2026-10-05 08:31:50.946,,,,
2026-10-05 08:48:31,2026-10-05,14:00 - 14:15,2026-10-05 12:15,2026-10-05 08:31:50.946,,,,
2026-10-05 08:48:31,2026-10-05,14:15 - 14:30,2026-10-05 12:30,2026-10-05 08:31:50.946,,,,
2026-10-05 08:48:31,2026-10-05,14:30 - 14:45,2026-10-05 12:45,2026-10-05 08:31:50.946,,,,
2026-10-05 08:48:31,2026-10-05,14:45 - 15:00,2026-10-05 13:00,2026-10-05 08:31:50.946,,,,
2026-10-05 08:48:31,2026-10-05,15:00 - 15:15,2026-10-05 13:15,2026-10-05 08:31:50.946,,,,
2026-10-05 08:48:31,2026-10-05,15:15 - 15:30,2026-10-05 13:30,2026-10-05 08:31:50.946,,,,
2026-10-05 08:48:31,2026-10-05,15:30 - 15:45,2026-10-05 13:45,2026-10-05 08:31:50.946,,,,
2026-10-05 08:48:31,2026-10-05,15:45 - 16:00,2026-10-05 14:00,2026-10-05 08:31:50.946,,,,
2026-10-05 08:48:31,2026-10-05,16:00 - 16:15,2026-10-05 14:15,2026-10-05 08:31:50.946,,,,
2026-10-05 08:48:31,2026-10-05,16:15 - 16:30,2026-10-05 14:30,2026-10-05 08:31:50.946,,,,
2026-10-05 08:48:31,2026-10-05,16:30 - 16:45,2026-10-05 14:45,2026-10-05 08:31:50.946,,,,
2026-10-05 08:48:31,2026-10-05,16:45 - 17:00,2026-10-05 15:00,2026-10-05 08:31:50.946,,,,
2026-10-05 08:48:31,2026-10-05,17:00 - 17:15,2026-10-05 15:15,2026-10-05 08:31:50.946,,,,
2026-10-05 08:48:31,2026-10-05,17:15 - 17:30,2026-10-05 15:30,2026-10-05 08:31:50.946,,,,
2026-10-05 08:48:31,2026-10-05,17:30 - 17:45,2026-10-05 15:45,2026-10-05 08:31:50.946,,,,
2026-10-05 08:48:31,2026-10-05,17:45 - 18:00,2026-10-05 16:00,2026-10-05 08:31:50.946,,,,
2026-10-05 08:48:31,2026-10-05,18:00 - 18:15,2026-10-05 16:15,2026-10-05 08:31:50.946,,,,
2026-10-05 08:48:31,2026-10-05,18:15 - 18:30,2026-10-05 16:30,2026-10-05 08:31:50.946,,,,
2026-10-05 08:48:31,2026-10-05,18:30 - 18:45,2026-10-05 16:45,2026-10-05 08:31:50.946,,,,
2026-10-05 08:48:31,2026-10-05,18:45 - 19:00,2026-10-05 17:00,2026-10-05 08:31:50.946,,,,
2026-10-05 08:48:31,2026-10-05,19:00 - 19:15,2026-10-05 17:15,2026-10-05 08:31:50.946,,,,
2026-10-05 08:48:31,2026-10-05,19:15 - 19:30,2026-10-05 17:30,2026-10-05 08:31:50.946,,,,
2026-10-05 08:48:31,2026-10-05,19:30 - 19:45,2026-10-05 17:45,2026-10-05 08:31:50.946,,,,
2026-10-05 08:48:31,2026-10-05,19:45 - 20:00,2026-10-05 18:00,2026-10-05 08:31:50.946,,,,
2026-10-05 08:48:31,2026-10-05,20:00 - 20:15,2026-10-05 18:15,2026-10-05 08:31:50.946,,,,
2026-10-05 08:48:31,2026-10-05,20:15 - 20:30,2026-10-05 18:30,2026-10-05 08:31:50.946,,,,
2026-10-05 08:48:31,2026-10-05,20:30 - 20:45,2026-10-05 18:45,2026-10-05 08:31:50.946,,,,
2026-10-05 08:48:31,2026-10-05,20:45 - 21:00,2026-10-05 19:00,2026-10-05 08:31:50.946,,,,
2026-10-05 08:48:31,2026-10-05,21:00 - 21:15,2026-10-05 19:15,2026-10-05 08:31:50.946,,,,
2026-10-05 08:48:31,2026-10-05,21:15 - 21:30,2026-10-05 19:30,2026-10-05 08:31:50.946,,,,
2026-10-05 08:48:31,2026-10-05,21:30 - 21:45,2026-10-05 19:45,2026-10-05 08:31:50.946,,,,
2026-10-05 08:48:31,2026-10-05,21:45 - 22:00,2026-10-05 20:00,2026-10-05 08:31:50.946,,,,
2026-10-05 08:48:31,2026-10-05,22:00 - 22:15,2026-10-05 20:15,2026-10-05 08:31:50.946,,,,
2026-10-05 08:48:31,2026-10-05,22:15 - 22:30,2026-10-05 20:30,2026-10-05 08:31:50.946,,,,
2026-10-05 08:48:31,2026-10-05,22:30 - 22:45,2026-10-05 20:45,2026-10-05 08:31:50.946,,,,
2026-10-05 08:48:31,2026-10-05,22:45 - 23:00,2026-10-05 21:00,2026-10-05 08:31:50.946,,,,
2026-10-05 08:48:31,2026-10-05,23:00 - 23:15,2026-10-05 21:15,2026-10-05 08:31:50.946,,,,
2026-10-05 08:48:31,2026-10-05,23:15 - 23:30,2026-10-05 21:30,2026-10-05 08:31:50.946,,,,
2026-10-05 08:48:31,2026-10-05,23:30 - 23:45,2026-10-05 21:45,2026-10-05 08:31:50.946,,,,
2026-10-05 08:48:31,2026-10-05,23:45 - 24:00,2026-10-05 22:00,2026-10-05 08:31:50.946,,,,
2026-10-05 09:52:59,2026-10-05,00:00 - 00:15,2026-10-04 22:15,2026-10-05 09:32:41.553,,,,
2026-10-05 09:52:59,2026-10-05,00:15 - 00:30,2026-10-04 22:30,2026-10-05 09:32:41.553,,,,
2026-10-05 09:52:59,2026-10-05,00:30 - 00:45,2026-10-04 22:45,2026-10-05 09:32:41.553,,,,
2026-10-05 09:52:59,2026-10-05,00:45 - 01:00,2026-10-04 23:00,2026-10-05 09:32:41.553,,,,
2026-10-05 09:52:59,2026-10-05,01:00 - 01:15,2026-10-04 23:15,2026-10-05 09:32:41.553,,,,
2026-10-05 09:52:59,2026-10-05,01:15 - 01:30,2026-10-04 23:30,2026-10-05 09:32:41.553,,,,
2026-10-05 09:52:59,2026-10-05,01:30 - 01:45,2026-10-04 23:45,2026-10-05 09:32:41.553,,,,
2026-10-05 09:52:59,2026-10-05,01:45 - 02:00,2026-10-05 00:00,2026-10-05 09:32:41.553,,,,
2026-10-05 09:52:59,2026-10-05,02:00 - 02:15,2026-10-05 00:15,2026-10-05 09:32:41.553,,,,
2026-10-05 09:52:59,2026-10-05,02:15 - 02:30,2026-10-05 00:30,2026-10-05 09:32:41.553,,,,
2026-10-05 09:52:59,2026-10-05,02:30 - 02:45,2026-10-05 00:45,2026-10-05 09:32:41.553,,,,
2026-10-05 09:52:59,2026-10-05,02:45 - 03:00,2026-10-05 01:00,2026-10-05 09:32:41.553,,,,
2026-10-05 09:52:59,2026-10-05,03:00 - 03:15,2026-10-05 01:15,2026-10-05 09:32:41.553,,,,
2026-10-05 09:52:59,2026-10-05,03:15 - 03:30,2026-10-05 01:30,2026-10-05 09:32:41.553,,,,
2026-10-05 09:52:59,2026-10-05,03:30 - 03:45,2026-10-05 01:45,2026-10-05 09:32:41.553,,,,
2026-10-05 09:52:59,2026-10-05,03:45 - 04:00,2026-10-05 02:00,2026-10-05 09:32:41.553,,,,
2026-10-05 09:52:59,2026-10-05,04:00 - 04:15,2026-10-05 02:15,2026-10-05 09:32:41.553,,,,
2026-10-05 09:52:59,2026-10-05,04:15 - 04:30,2026-10-05 02:30,2026-10-05 09:32:41.553,,,,
2026-10-05 09:52:59,2026-10-05,04:30 - 04:45,2026-10-05 02:45,2026-10-05 09:32:41.553,,,,
2026-10-05 09:52:59,2026-10-05,04:45 - 05:00,2026-10-05 03:00,2026-10-05 09:32:41.553,,,,
2026-10-05 09:52:59,2026-10-05,05:00 - 05:15,2026-10-05 03:15,2026-10-05 09:32:41.553,,,,
2026-10-05 09:52:59,2026-10-05,05:15 - 05:30,2026-10-05 03:30,2026-10-05 09:32:41.553,,,,
2026-10-05 09:52:59,2026-10-05,05:30 - 05:45,2026-10-05 03:45,2026-10-05 09:32:41.553,,,,
2026-10-05 09:52:59,2026-10-05,05:45 - 06:00,2026-10-05 04:00,2026-10-05 09:32:41.553,,,,
2026-10-05 09:52:59,2026-10-05,06:00 - 06:15,2026-10-05 04:15,2026-10-05 09:32:41.553,,,,
2026-10-05 09:52:59,2026-10-05,06:15 - 06:30,2026-10-05 04:30,2026-10-05 09:32:41.553,,,,
2026-10-05 09:52:59,2026-10-05,06:30 - 06:45,2026-10-05 04:45,2026-10-05 09:32:41.553,,,,
2026-10-05 09:52:59,2026-10-05,06:45 - 07:00,2026-10-05 05:00,2026-10-05 09:32:41.553,,,,
2026-10-05 09:52:59,2026-10-05,07:00 - 07:15,2026-10-05 05:15,2026-10-05 09:32:41.553,,,,
2026-10-05 09:52:59,2026-10-05,07:15 - 07:30,2026-10-05 05:30,2026-10-05 09:32:41.553,,,,
2026-10-05 09:52:59,2026-10-05,07:30 - 07:45,2026-10-05 05:45,2026-10-05 09:32:41.553,,,,
2026-10-05 09:52:59,2026-10-05,07:45 - 08:00,2026-10-05 06:00,2026-10-05 09:32:41.553,,,,
2026-10-05 09:52:59,2026-10-05,08:00 - 08:15,2026-10-05 06:15,2026-10-05 09:32:41.553,,,,
2026-10-05 09:52:59,2026-10-05,08:15 - 08:30,2026-10-05 06:30,2026-10-05 09:32:41.553,,,,
2026-10-05 09:52:59,2026-10-05,08:30 - 08:45,2026-10-05 06:45,2026-10-05 09:32:41.553,,,,
2026-10-05 09:52:59,2026-10-05,08:45 - 09:00,2026-10-05 07:00,2026-10-05 09:32:41.553,,,,
2026-10-05 09:52:59,2026-10-05,09:00 - 09:15,2026-10-05 07:15,2026-10-05 09:32:41.553,,,,
2026-10-05 09:52:59,2026-10-05,09:15 - 09:30,2026-10-05 07:30,2026-10-05 09:32:41.553,,,,
2026-10-05 09:52:59,2026-10-05,09:30 - 09:45,2026-10-05 07:45,2026-10-05 09:32:41.553,,,,
2026-10-05 09:52:59,2026-10-05,09:45 - 10:00,2026-10-05 08:00,2026-10-05 09:32:41.553,,,,
2026-10-05 09:52:59,2026-10-05,10:00 - 10:15,2026-10-05 08:15,2026-10-05 09:32:41.553,,,,
2026-10-05 09:52:59,2026-10-05,10:15 - 10:30,2026-10-05 08:30,2026-10-05 09:32:41.553,,,,
2026-10-05 09:52:59,2026-10-05,10:30 - 10:45,2026-10-05 08:45,2026-10-05 09:32:41.553,,,,
2026-10-05 09:52:59,2026-10-05,10:45 - 11:00,2026-10-05 09:00,2026-10-05 09:32:41.553,,,,
2026-10-05 09:52:59,2026-10-05,11:00 - 11:15,2026-10-05 09:15,2026-10-05 09:32:41.553,-800.0,,,
2026-10-05 09:52:59,2026-10-05,11:15 - 11:30,2026-10-05 09:30,2026-10-05 09:32:41.553,-800.0,,,
2026-10-05 09:52:59,2026-10-05,11:30 - 11:45,2026-10-05 09:45,2026-10-05 09:32:41.553,-800.0,,,
2026-10-05 09:52:59,2026-10-05,11:45 - 12:00,2026-10-05 10:00,2026-10-05 09:32:41.553,-800.0,,,
2026-10-05 09:52:59,2026-10-05,12:00 - 12:15,2026-10-05 10:15,2026-10-05 09:32:41.553,-785.4,-275.5,,
2026-10-05 09:52:59,2026-10-05,12:15 - 12:30,2026-10-05 10:30,2026-10-05 09:32:41.553,-785.4,-275.5,,
2026-10-05 09:52:59,2026-10-05,12:30 - 12:45,2026-10-05 10:45,2026-10-05 09:32:41.553,-785.4,-275.5,,
2026-10-05 09:52:59,2026-10-05,12:45 - 13:00,2026-10-05 11:00,2026-10-05 09:32:41.553,-785.4,-275.5,,
2026-10-05 09:52:59,2026-10-05,13:00 - 13:15,2026-10-05 11:15,2026-10-05 09:32:41.553,,,,
2026-10-05 09:52:59,2026-10-05,13:15 - 13:30,2026-10-05 11:30,2026-10-05 09:32:41.553,,,,
2026-10-05 09:52:59,2026-10-05,13:30 - 13:45,2026-10-05 11:45,2026-10-05 09:32:41.553,,,,
2026-10-05 09:52:59,2026-10-05,13:45 - 14:00,2026-10-05 12:00,2026-10-05 09:32:41.553,,,,
2026-10-05 09:52:59,2026-10-05,14:00 - 14:15,2026-10-05 12:15,2026-10-05 09:32:41.553,,,,
2026-10-05 09:52:59,2026-10-05,14:15 - 14:30,2026-10-05 12:30,2026-10-05 09:32:41.553,,,,
2026-10-05 09:52:59,2026-10-05,14:30 - 14:45,2026-10-05 12:45,2026-10-05 09:32:41.553,,,,
2026-10-05 09:52:59,2026-10-05,14:45 - 15:00,2026-10-05 13:00,2026-10-05 09:32:41.553,,,,
2026-10-05 09:52:59,2026-10-05,15:00 - 15:15,2026-10-05 13:15,2026-10-05 09:32:41.553,,,,
2026-10-05 09:52:59,2026-10-05,15:15 - 15:30,2026-10-05 13:30,2026-10-05 09:32:41.553,,,,
2026-10-05 09:52:59,2026-10-05,15:30 - 15:45,2026-10-05 13:45,2026-10-05 09:32:41.553,,,,
2026-10-05 09:52:59,2026-10-05,15:45 - 16:00,2026-10-05 14:00,2026-10-05 09:32:41.553,,,,
2026-10-05 09:52:59,2026-10-05,16:00 - 16:15,2026-10-05 14:15,2026-10-05 09:32:41.553,,,,
2026-10-05 09:52:59,2026-10-05,16:15 - 16:30,2026-10-05 14:30,2026-10-05 09:32:41.553,,,,
2026-10-05 09:52:59,2026-10-05,16:30 - 16:45,2026-10-05 14:45,2026-10-05 09:32:41.553,,,,
2026-10-05 09:52:59,2026-10-05,16:45 - 17:00,2026-10-05 15:00,2026-10-05 09:32:41.553,,,,
2026-10-05 09:52:59,2026-10-05,17:00 - 17:15,2026-10-05 15:15,2026-10-05 09:32:41.553,,,,
2026-10-05 09:52:59,2026-10-05,17:15 - 17:30,2026-10-05 15:30,2026-10-05 09:32:41.553,,,,
2026-10-05 09:52:59,2026-10-05,17:30 - 17:45,2026-10-05 15:45,2026-10-05 09:32:41.553,,,,
2026-10-05 09:52:59,2026-10-05,17:45 - 18:00,2026-10-05 16:00,2026-10-05 09:32:41.553,,,,
2026-10-05 09:52:59,2026-10-05,18:00 - 18:15,2026-10-05 16:15,2026-10-05 09:32:41.553,,,,
2026-10-05 09:52:59,2026-10-05,18:15 - 18:30,2026-10-05 16:30,2026-10-05 09:32:41.553,,,,
2026-10-05 09:52:59,2026-10-05,18:30 - 18:45,2026-10-05 16:45,2026-10-05 09:32:41.553,,,,
2026-10-05 09:52:59,2026-10-05,18:45 - 19:00,2026-10-05 17:00,2026-10-05 09:32:41.553,,,,
2026-10-05 09:52:59,2026-10-05,19:00 - 19:15,2026-10-05 17:15,2026-10-05 09:32:41.553,,,,
2026-10-05 09:52:59,2026-10-05,19:15 - 19:30,2026-10-05 17:30,2026-10-05 09:32:41.553,,,,
2026-10-05 09:52:59,2026-10-05,19:30 - 19:45,2026-10-05 17:45,2026-10-05 09:32:41.553,,,,
2026-10-05 09:52:59,2026-10-05,19:45 - 20:00,2026-10-05 18:00,2026-10-05 09:32:41.553,,,,
2026-10-05 09:52:59,2026-10-05,20:00 - 20:15,2026-10-05 18:15,2026-10-05 09:32:41.553,,,,
2026-10-05 09:52:59,2026-10-05,20:15 - 20:30,2026-10-05 18:30,2026-10-05 09:32:41.553,,,,
2026-10-05 09:52:59,2026-10-05,20:30 - 20:45,2026-10-05 18:45,2026-10-05 09:32:41.553,,,,
2026-10-05 09:52:59,2026-10-05,20:45 - 21:00,2026-10-05 19:00,2026-10-05 09:32:41.553,,,,
2026-10-05 09:52:59,2026-10-05,21:00 - 21:15,2026-10-05 19:15,2026-10-05 09:32:41.553,,,,
2026-10-05 09:52:59,2026-10-05,21:15 - 21:30,2026-10-05 19:30,2026-10-05 09:32:41.553,,,,
2026-10-05 09:52:59,2026-10-05,21:30 - 21:45,2026-10-05 19:45,2026-10-05 09:32:41.553,,,,
2026-10-05 09:52:59,2026-10-05,21:45 - 22:00,2026-10-05 20:00,2026-10-05 09:32:41.553,,,,
2026-10-05 09:52:59,2026-10-05,22:00 - 22:15,2026-10-05 20:15,2026-10-05 09:32:41.553,,,,
2026-10-05 09:52:59,2026-10-05,22:15 - 22:30,2026-10-05 20:30,2026-10-05 09:32:41.553,,,,
2026-10-05 09:52:59,2026-10-05,22:30 - 22:45,2026-10-05 20:45,2026-10-05 09:32:41.553,,,,
2026-10-05 09:52:59,2026-10-05,22:45 - 23:00,2026-10-05 21:00,2026-10-05 09:32:41.553,,,,
2026-10-05 09:52:59,2026-10-05,23:00 - 23:15,2026-10-05 21:15,2026-10-05 09:32:41.553,,,,
2026-10-05 09:52:59,2026-10-05,23:15 - 23:30,2026-10-05 21:30,2026-10-05 09:32:41.553,,,,
2026-10-05 09:52:59,2026-10-05,23:30 - 23:45,2026-10-05 21:45,2026-10-05 09:32:41.553,,,,
2026-10-05 09:52:59,2026-10-05,23:45 - 24:00,2026-10-05 22:00,2026-10-05 09:32:41.553,,,,
2026-10-05 10:37:32,2026-10-05,00:00 - 00:15,2026-10-04 22:15,2026-10-05 10:26:56.087,,,,
2026-10-05 10:37:32,2026-10-05,00:15 - 00:30,2026-10-04 22:30,2026-10-05 10:26:56.087,,,,
2026-10-05 10:37:32,2026-10-05,00:30 - 00:45,2026-10-04 22:45,2026-10-05 10:26:56.087,,,,
2026-10-05 10:37:32,2026-10-05,00:45 - 01:00,2026-10-04 23:00,2026-10-05 10:26:56.087,,,,
2026-10-05 10:37:32,2026-10-05,01:00 - 01:15,2026-10-04 23:15,2026-10-05 10:26:56.087,,,,
2026-10-05 10:37:32,2026-10-05,01:15 - 01:30,2026-10-04 23:30,2026-10-05 10:26:56.087,,,,
2026-10-05 10:37:32,2026-10-05,01:30 - 01:45,2026-10-04 23:45,2026-10-05 10:26:56.087,,,,
2026-10-05 10:37:32,2026-10-05,01:45 - 02:00,2026-10-05 00:00,2026-10-05 10:26:56.087,,,,
2026-10-05 10:37:32,2026-10-05,02:00 - 02:15,2026-10-05 00:15,2026-10-05 10:26:56.087,,,,
2026-10-05 10:37:32,2026-10-05,02:15 - 02:30,2026-10-05 00:30,2026-10-05 10:26:56.087,,,,
2026-10-05 10:37:32,2026-10-05,02:30 - 02:45,2026-10-05 00:45,2026-10-05 10:26:56.087,,,,
2026-10-05 10:37:32,2026-10-05,02:45 - 03:00,2026-10-05 01:00,2026-10-05 10:26:56.087,,,,
2026-10-05 10:37:32,2026-10-05,03:00 - 03:15,2026-10-05 01:15,2026-10-05 10:26:56.087,,,,
2026-10-05 10:37:32,2026-10-05,03:15 - 03:30,2026-10-05 01:30,2026-10-05 10:26:56.087,,,,
2026-10-05 10:37:32,2026-10-05,03:30 - 03:45,2026-10-05 01:45,2026-10-05 10:26:56.087,,,,
2026-10-05 10:37:32,2026-10-05,03:45 - 04:00,2026-10-05 02:00,2026-10-05 10:26:56.087,,,,
2026-10-05 10:37:32,2026-10-05,04:00 - 04:15,2026-10-05 02:15,2026-10-05 10:26:56.087,,,,
2026-10-05 10:37:32,2026-10-05,04:15 - 04:30,2026-10-05 02:30,2026-10-05 10:26:56.087,,,,
2026-10-05 10:37:32,2026-10-05,04:30 - 04:45,2026-10-05 02:45,2026-10-05 10:26:56.087,,,,
2026-10-05 10:37:32,2026-10-05,04:45 - 05:00,2026-10-05 03:00,2026-10-05 10:26:56.087,,,,
2026-10-05 10:37:32,2026-10-05,05:00 - 05:15,2026-10-05 03:15,2026-10-05 10:26:56.087,,,,
2026-10-05 10:37:32,2026-10-05,05:15 - 05:30,2026-10-05 03:30,2026-10-05 10:26:56.087,,,,
2026-10-05 10:37:32,2026-10-05,05:30 - 05:45,2026-10-05 03:45,2026-10-05 10:26:56.087,,,,
2026-10-05 10:37:32,2026-10-05,05:45 - 06:00,2026-10-05 04:00,2026-10-05 10:26:56.087,,,,
2026-10-05 10:37:32,2026-10-05,06:00 - 06:15,2026-10-05 04:15,2026-10-05 10:26:56.087,,,,
2026-10-05 10:37:32,2026-10-05,06:15 - 06:30,2026-10-05 04:30,2026-10-05 10:26:56.087,,,,
2026-10-05 10:37:32,2026-10-05,06:30 - 06:45,2026-10-05 04:45,2026-10-05 10:26:56.087,,,,
2026-10-05 10:37:32,2026-10-05,06:45 - 07:00,2026-10-05 05:00,2026-10-05 10:26:56.087,,,,
2026-10-05 10:37:32,2026-10-05,07:00 - 07:15,2026-10-05 05:15,2026-10-05 10:26:56.087,,,,
2026-10-05 10:37:32,2026-10-05,07:15 - 07:30,2026-10-05 05:30,2026-10-05 10:26:56.087,,,,
2026-10-05 10:37:32,2026-10-05,07:30 - 07:45,2026-10-05 05:45,2026-10-05 10:26:56.087,,,,
2026-10-05 10:37:32,2026-10-05,07:45 - 08:00,2026-10-05 06:00,2026-10-05 10:26:56.087,,,,
2026-10-05 10:37:32,2026-10-05,08:00 - 08:15,2026-10-05 06:15,2026-10-05 10:26:56.087,,,,
2026-10-05 10:37:32,2026-10-05,08:15 - 08:30,2026-10-05 06:30,2026-10-05 10:26:56.087,,,,
2026-10-05 10:37:32,2026-10-05,08:30 - 08:45,2026-10-05 06:45,2026-10-05 10:26:56.087,,,,
2026-10-05 10:37:32,2026-10-05,08:45 - 09:00,2026-10-05 07:00,2026-10-05 10:26:56.087,,,,
2026-10-05 10:37:32,2026-10-05,09:00 - 09:15,2026-10-05 07:15,2026-10-05 10:26:56.087,,,,
2026-10-05 10:37:32,2026-10-05,09:15 - 09:30,2026-10-05 07:30,2026-10-05 10:26:56.087,,,,
2026-10-05 10:37:32,2026-10-05,09:30 - 09:45,2026-10-05 07:45,2026-10-05 10:26:56.087,,,,
2026-10-05 10:37:32,2026-10-05,09:45 - 10:00,2026-10-05 08:00,2026-10-05 10:26:56.087,,,,
2026-10-05 10:37:32,2026-10-05,10:00 - 10:15,2026-10-05 08:15,2026-10-05 10:26:56.087,,,,
2026-10-05 10:37:32,2026-10-05,10:15 - 10:30,2026-10-05 08:30,2026-10-05 10:26:56.087,,,,
2026-10-05 10:37:32,2026-10-05,10:30 - 10:45,2026-10-05 08:45,2026-10-05 10:26:56.087,,,,
2026-10-05 10:37:32,2026-10-05,10:45 - 11:00,2026-10-05 09:00,2026-10-05 10:26:56.087,,,,
2026-10-05 10:37:32,2026-10-05,11:00 - 11:15,2026-10-05 09:15,2026-10-05 10:26:56.087,-800.0,,,
2026-10-05 10:37:32,2026-10-05,11:15 - 11:30,2026-10-05 09:30,2026-10-05 10:26:56.087,-800.0,,,
2026-10-05 10:37:32,2026-10-05,11:30 - 11:45,2026-10-05 09:45,2026-10-05 10:26:56.087,-800.0,,,
2026-10-05 10:37:32,2026-10-05,11:45 - 12:00,2026-10-05 10:00,2026-10-05 10:26:56.087,-800.0,,,
2026-10-05 10:37:32,2026-10-05,12:00 - 12:15,2026-10-05 10:15,2026-10-05 10:26:56.087,-785.4,-275.5,,
2026-10-05 10:37:32,2026-10-05,12:15 - 12:30,2026-10-05 10:30,2026-10-05 10:26:56.087,-785.4,-275.5,,
2026-10-05 10:37:32,2026-10-05,12:30 - 12:45,2026-10-05 10:45,2026-10-05 10:26:56.087,-813.1,-282.0,,
2026-10-05 10:37:32,2026-10-05,12:45 - 13:00,2026-10-05 11:00,2026-10-05 10:26:56.087,-813.1,-282.0,,
2026-10-05 10:37:32,2026-10-05,13:00 - 13:15,2026-10-05 11:15,2026-10-05 10:26:56.087,-1320.5,-446.0,,
2026-10-05 10:37:32,2026-10-05,13:15 - 13:30,2026-10-05 11:30,2026-10-05 10:26:56.087,-1320.5,-446.0,,
2026-10-05 10:37:32,2026-10-05,13:30 - 13:45,2026-10-05 11:45,2026-10-05 10:26:56.087,-1320.5,-446.0,,
2026-10-05 10:37:32,2026-10-05,13:45 - 14:00,2026-10-05 12:00,2026-10-05 10:26:56.087,-1320.5,-446.0,,
2026-10-05 10:37:32,2026-10-05,14:00 - 14:15,2026-10-05 12:15,2026-10-05 10:26:56.087,,,,
2026-10-05 10:37:32,2026-10-05,14:15 - 14:30,2026-10-05 12:30,2026-10-05 10:26:56.087,,,,
2026-10-05 10:37:32,2026-10-05,14:30 - 14:45,2026-10-05 12:45,2026-10-05 10:26:56.087,,,,
2026-10-05 10:37:32,2026-10-05,14:45 - 15:00,2026-10-05 13:00,2026-10-05 10:26:56.087,,,,
2026-10-05 10:37:32,2026-10-05,15:00 - 15:15,2026-10-05 13:15,2026-10-05 10:26:56.087,,,,
2026-10-05 10:37:32,2026-10-05,15:15 - 15:30,2026-10-05 13:30,2026-10-05 10:26:56.087,,,,
2026-10-05 10:37:32,2026-10-05,15:30 - 15:45,2026-10-05 13:45,2026-10-05 10:26:56.087,,,,
2026-10-05 10:37:32,2026-10-05,15:45 - 16:00,2026-10-05 14:00,2026-10-05 10:26:56.087,,,,
2026-10-05 10:37:32,2026-10-05,16:00 - 16:15,2026-10-05 14:15,2026-10-05 10:26:56.087,,,,
2026-10-05 10:37:32,2026-10-05,16:15 - 16:30,2026-10-05 14:30,2026-10-05 10:26:56.087,,,,
2026-10-05 10:37:32,2026-10-05,16:30 - 16:45,2026-10-05 14:45,2026-10-05 10:26:56.087,,,,
2026-10-05 10:37:32,2026-10-05,16:45 - 17:00,2026-10-05 15:00,2026-10-05 10:26:56.087,,,,
2026-10-05 10:37:32,2026-10-05,17:00 - 17:15,2026-10-05 15:15,2026-10-05 10:26:56.087,,,,
2026-10-05 10:37:32,2026-10-05,17:15 - 17:30,2026-10-05 15:30,2026-10-05 10:26:56.087,,,,
2026-10-05 10:37:32,2026-10-05,17:30 - 17:45,2026-10-05 15:45,2026-10-05 10:26:56.087,,,,
2026-10-05 10:37:32,2026-10-05,17:45 - 18:00,2026-10-05 16:00,2026-10-05 10:26:56.087,,,,
2026-10-05 10:37:32,2026-10-05,18:00 - 18:15,2026-10-05 16:15,2026-10-05 10:26:56.087,,,,
2026-10-05 10:37:32,2026-10-05,18:15 - 18:30,2026-10-05 16:30,2026-10-05 10:26:56.087,,,,
2026-10-05 10:37:32,2026-10-05,18:30 - 18:45,2026-10-05 16:45,2026-10-05 10:26:56.087,,,,
2026-10-05 10:37:32,2026-10-05,18:45 - 19:00,2026-10-05 17:00,2026-10-05 10:26:56.087,,,,
2026-10-05 10:37:32,2026-10-05,19:00 - 19:15,2026-10-05 17:15,2026-10-05 10:26:56.087,,,,
2026-10-05 10:37:32,2026-10-05,19:15 - 19:30,2026-10-05 17:30,2026-10-05 10:26:56.087,,,,
2026-10-05 10:37:32,2026-10-05,19:30 - 19:45,2026-10-05 17:45,2026-10-05 10:26:56.087,,,,
2026-10-05 10:37:32,2026-10-05,19:45 - 20:00,2026-10-05 18:00,2026-10-05 10:26:56.087,,,,
2026-10-05 10:37:32,2026-10-05,20:00 - 20:15,2026-10-05 18:15,2026-10-05 10:26:56.087,,,,
2026-10-05 10:37:32,2026-10-05,20:15 - 20:30,2026-10-05 18:30,2026-10-05 10:26:56.087,,,,
2026-10-05 10:37:32,2026-10-05,20:30 - 20:45,2026-10-05 18:45,2026-10-05 10:26:56.087,,,,
2026-10-05 10:37:32,2026-10-05,20:45 - 21:00,2026-10-05 19:00,2026-10-05 10:26:56.087,,,,
2026-10-05 10:37:32,2026-10-05,21:00 - 21:15,2026-10-05 19:15,2026-10-05 10:26:56.087,,,,
2026-10-05 10:37:32,2026-10-05,21:15 - 21:30,2026-10-05 19:30,2026-10-05 10:26:56.087,,,,
2026-10-05 10:37:32,2026-10-05,21:30 - 21:45,2026-10-05 19:45,2026-10-05 10:26:56.087,,,,
2026-10-05 10:37:32,2026-10-05,21:45 - 22:00,2026-10-05 20:00,2026-10-05 10:26:56.087,,,,
2026-10-05 10:37:32,2026-10-05,22:00 - 22:15,2026-10-05 20:15,2026-10-05 10:26:56.087,,,,
2026-10-05 10:37:32,2026-10-05,22:15 - 22:30,2026-10-05 20:30,2026-10-05 10:26:56.087,,,,
2026-10-05 10:37:32,2026-10-05,22:30 - 22:45,2026-10-05 20:45,2026-10-05 10:26:56.087,,,,
2026-10-05 10:37:32,2026-10-05,22:45 - 23:00,2026-10-05 21:00,2026-10-05 10:26:56.087,,,,
2026-10-05 10:37:32,2026-10-05,23:00 - 23:15,2026-10-05 21:15,2026-10-05 10:26:56.087,,,,
2026-10-05 10:37:32,2026-10-05,23:15 - 23:30,2026-10-05 21:30,2026-10-05 10:26:56.087,,,,
2026-10-05 10:37:32,2026-10-05,23:30 - 23:45,2026-10-05 21:45,2026-10-05 10:26:56.087,,,,
2026-10-05 10:37:32,2026-10-05,23:45 - 24:00,2026-10-05 22:00,2026-10-05 10:26:56.087,,,,
2026-10-05 10:56:59,2026-10-05,00:00 - 00:15,2026-10-04 22:15,2026-10-05 10:41:45.921,,,,
2026-10-05 10:56:59,2026-10-05,00:15 - 00:30,2026-10-04 22:30,2026-10-05 10:41:45.921,,,,
2026-10-05 10:56:59,2026-10-05,00:30 - 00:45,2026-10-04 22:45,2026-10-05 10:41:45.921,,,,
2026-10-05 10:56:59,2026-10-05,00:45 - 01:00,2026-10-04 23:00,2026-10-05 10:41:45.921,,,,
2026-10-05 10:56:59,2026-10-05,01:00 - 01:15,2026-10-04 23:15,2026-10-05 10:41:45.921,,,,
2026-10-05 10:56:59,2026-10-05,01:15 - 01:30,2026-10-04 23:30,2026-10-05 10:41:45.921,,,,
2026-10-05 10:56:59,2026-10-05,01:30 - 01:45,2026-10-04 23:45,2026-10-05 10:41:45.921,,,,
2026-10-05 10:56:59,2026-10-05,01:45 - 02:00,2026-10-05 00:00,2026-10-05 10:41:45.921,,,,
2026-10-05 10:56:59,2026-10-05,02:00 - 02:15,2026-10-05 00:15,2026-10-05 10:41:45.921,,,,
2026-10-05 10:56:59,2026-10-05,02:15 - 02:30,2026-10-05 00:30,2026-10-05 10:41:45.921,,,,
2026-10-05 10:56:59,2026-10-05,02:30 - 02:45,2026-10-05 00:45,2026-10-05 10:41:45.921,,,,
2026-10-05 10:56:59,2026-10-05,02:45 - 03:00,2026-10-05 01:00,2026-10-05 10:41:45.921,,,,
2026-10-05 10:56:59,2026-10-05,03:00 - 03:15,2026-10-05 01:15,2026-10-05 10:41:45.921,,,,
2026-10-05 10:56:59,2026-10-05,03:15 - 03:30,2026-10-05 01:30,2026-10-05 10:41:45.921,,,,
2026-10-05 10:56:59,2026-10-05,03:30 - 03:45,2026-10-05 01:45,2026-10-05 10:41:45.921,,,,
2026-10-05 10:56:59,2026-10-05,03:45 - 04:00,2026-10-05 02:00,2026-10-05 10:41:45.921,,,,
2026-10-05 10:56:59,2026-10-05,04:00 - 04:15,2026-10-05 02:15,2026-10-05 10:41:45.921,,,,
2026-10-05 10:56:59,2026-10-05,04:15 - 04:30,2026-10-05 02:30,2026-10-05 10:41:45.921,,,,
2026-10-05 10:56:59,2026-10-05,04:30 - 04:45,2026-10-05 02:45,2026-10-05 10:41:45.921,,,,
2026-10-05 10:56:59,2026-10-05,04:45 - 05:00,2026-10-05 03:00,2026-10-05 10:41:45.921,,,,
2026-10-05 10:56:59,2026-10-05,05:00 - 05:15,2026-10-05 03:15,2026-10-05 10:41:45.921,,,,
2026-10-05 10:56:59,2026-10-05,05:15 - 05:30,2026-10-05 03:30,2026-10-05 10:41:45.921,,,,
2026-10-05 10:56:59,2026-10-05,05:30 - 05:45,2026-10-05 03:45,2026-10-05 10:41:45.921,,,,
2026-10-05 10:56:59,2026-10-05,05:45 - 06:00,2026-10-05 04:00,2026-10-05 10:41:45.921,,,,
2026-10-05 10:56:59,2026-10-05,06:00 - 06:15,2026-10-05 04:15,2026-10-05 10:41:45.921,,,,
2026-10-05 10:56:59,2026-10-05,06:15 - 06:30,2026-10-05 04:30,2026-10-05 10:41:45.921,,,,
2026-10-05 10:56:59,2026-10-05,06:30 - 06:45,2026-10-05 04:45,2026-10-05 10:41:45.921,,,,
2026-10-05 10:56:59,2026-10-05,06:45 - 07:00,2026-10-05 05:00,2026-10-05 10:41:45.921,,,,
2026-10-05 10:56:59,2026-10-05,07:00 - 07:15,2026-10-05 05:15,2026-10-05 10:41:45.921,,,,
2026-10-05 10:56:59,2026-10-05,07:15 - 07:30,2026-10-05 05:30,2026-10-05 10:41:45.921,,,,
2026-10-05 10:56:59,2026-10-05,07:30 - 07:45,2026-10-05 05:45,2026-10-05 10:41:45.921,,,,
2026-10-05 10:56:59,2026-10-05,07:45 - 08:00,2026-10-05 06:00,2026-10-05 10:41:45.921,,,,
2026-10-05 10:56:59,2026-10-05,08:00 - 08:15,2026-10-05 06:15,2026-10-05 10:41:45.921,,,,
2026-10-05 10:56:59,2026-10-05,08:15 - 08:30,2026-10-05 06:30,2026-10-05 10:41:45.921,,,,
2026-10-05 10:56:59,2026-10-05,08:30 - 08:45,2026-10-05 06:45,2026-10-05 10:41:45.921,,,,
2026-10-05 10:56:59,2026-10-05,08:45 - 09:00,2026-10-05 07:00,2026-10-05 10:41:45.921,,,,
2026-10-05 10:56:59,2026-10-05,09:00 - 09:15,2026-10-05 07:15,2026-10-05 10:41:45.921,,,,
2026-10-05 10:56:59,2026-10-05,09:15 - 09:30,2026-10-05 07:30,2026-10-05 10:41:45.921,,,,
2026-10-05 10:56:59,2026-10-05,09:30 - 09:45,2026-10-05 07:45,2026-10-05 10:41:45.921,,,,
2026-10-05 10:56:59,2026-10-05,09:45 - 10:00,2026-10-05 08:00,2026-10-05 10:41:45.921,,,,
2026-10-05 10:56:59,2026-10-05,10:00 - 10:15,2026-10-05 08:15,2026-10-05 10:41:45.921,,,,
2026-10-05 10:56:59,2026-10-05,10:15 - 10:30,2026-10-05 08:30,2026-10-05 10:41:45.921,,,,
2026-10-05 10:56:59,2026-10-05,10:30 - 10:45,2026-10-05 08:45,2026-10-05 10:41:45.921,,,,
2026-10-05 10:56:59,2026-10-05,10:45 - 11:00,2026-10-05 09:00,2026-10-05 10:41:45.921,,,,
2026-10-05 10:56:59,2026-10-05,11:00 - 11:15,2026-10-05 09:15,2026-10-05 10:41:45.921,-800.0,,,
2026-10-05 10:56:59,2026-10-05,11:15 - 11:30,2026-10-05 09:30,2026-10-05 10:41:45.921,-800.0,,,
2026-10-05 10:56:59,2026-10-05,11:30 - 11:45,2026-10-05 09:45,2026-10-05 10:41:45.921,-800.0,,,
2026-10-05 10:56:59,2026-10-05,11:45 - 12:00,2026-10-05 10:00,2026-10-05 10:41:45.921,-800.0,,,
2026-10-05 10:56:59,2026-10-05,12:00 - 12:15,2026-10-05 10:15,2026-10-05 10:41:45.921,-785.4,-275.5,,
2026-10-05 10:56:59,2026-10-05,12:15 - 12:30,2026-10-05 10:30,2026-10-05 10:41:45.921,-785.4,-275.5,,
2026-10-05 10:56:59,2026-10-05,12:30 - 12:45,2026-10-05 10:45,2026-10-05 10:41:45.921,-813.1,-282.0,,
2026-10-05 10:56:59,2026-10-05,12:45 - 13:00,2026-10-05 11:00,2026-10-05 10:41:45.921,-877.7,-337.5,,
2026-10-05 10:56:59,2026-10-05,13:00 - 13:15,2026-10-05 11:15,2026-10-05 10:41:45.921,-1320.5,-446.0,,
2026-10-05 10:56:59,2026-10-05,13:15 - 13:30,2026-10-05 11:30,2026-10-05 10:41:45.921,-1320.5,-446.0,,
2026-10-05 10:56:59,2026-10-05,13:30 - 13:45,2026-10-05 11:45,2026-10-05 10:41:45.921,-1320.5,-446.0,,
2026-10-05 10:56:59,2026-10-05,13:45 - 14:00,2026-10-05 12:00,2026-10-05 10:41:45.921,-1320.5,-446.0,,
2026-10-05 10:56:59,2026-10-05,14:00 - 14:15,2026-10-05 12:15,2026-10-05 10:41:45.921,,,,
2026-10-05 10:56:59,2026-10-05,14:15 - 14:30,2026-10-05 12:30,2026-10-05 10:41:45.921,,,,
2026-10-05 10:56:59,2026-10-05,14:30 - 14:45,2026-10-05 12:45,2026-10-05 10:41:45.921,,,,
2026-10-05 10:56:59,2026-10-05,14:45 - 15:00,2026-10-05 13:00,2026-10-05 10:41:45.921,,,,
2026-10-05 10:56:59,2026-10-05,15:00 - 15:15,2026-10-05 13:15,2026-10-05 10:41:45.921,,,,
2026-10-05 10:56:59,2026-10-05,15:15 - 15:30,2026-10-05 13:30,2026-10-05 10:41:45.921,,,,
2026-10-05 10:56:59,2026-10-05,15:30 - 15:45,2026-10-05 13:45,2026-10-05 10:41:45.921,,,,
2026-10-05 10:56:59,2026-10-05,15:45 - 16:00,2026-10-05 14:00,2026-10-05 10:41:45.921,,,,
2026-10-05 10:56:59,2026-10-05,16:00 - 16:15,2026-10-05 14:15,2026-10-05 10:41:45.921,,,,
2026-10-05 10:56:59,2026-10-05,16:15 - 16:30,2026-10-05 14:30,2026-10-05 10:41:45.921,,,,
2026-10-05 10:56:59,2026-10-05,16:30 - 16:45,2026-10-05 14:45,2026-10-05 10:41:45.921,,,,
2026-10-05 10:56:59,2026-10-05,16:45 - 17:00,2026-10-05 15:00,2026-10-05 10:41:45.921,,,,
2026-10-05 10:56:59,2026-10-05,17:00 - 17:15,2026-10-05 15:15,2026-10-05 10:41:45.921,,,,
2026-10-05 10:56:59,2026-10-05,17:15 - 17:30,2026-10-05 15:30,2026-10-05 10:41:45.921,,,,
2026-10-05 10:56:59,2026-10-05,17:30 - 17:45,2026-10-05 15:45,2026-10-05 10:41:45.921,,,,
2026-10-05 10:56:59,2026-10-05,17:45 - 18:00,2026-10-05 16:00,2026-10-05 10:41:45.921,,,,
2026-10-05 10:56:59,2026-10-05,18:00 - 18:15,2026-10-05 16:15,2026-10-05 10:41:45.921,,,,
2026-10-05 10:56:59,2026-10-05,18:15 - 18:30,2026-10-05 16:30,2026-10-05 10:41:45.921,,,,
2026-10-05 10:56:59,2026-10-05,18:30 - 18:45,2026-10-05 16:45,2026-10-05 10:41:45.921,,,,
2026-10-05 10:56:59,2026-10-05,18:45 - 19:00,2026-10-05 17:00,2026-10-05 10:41:45.921,,,,
2026-10-05 10:56:59,2026-10-05,19:00 - 19:15,2026-10-05 17:15,2026-10-05 10:41:45.921,,,,
2026-10-05 10:56:59,2026-10-05,19:15 - 19:30,2026-10-05 17:30,2026-10-05 10:41:45.921,,,,
2026-10-05 10:56:59,2026-10-05,19:30 - 19:45,2026-10-05 17:45,2026-10-05 10:41:45.921,,,,
2026-10-05 10:56:59,2026-10-05,19:45 - 20:00,2026-10-05 18:00,2026-10-05 10:41:45.921,,,,
2026-10-05 10:56:59,2026-10-05,20:00 - 20:15,2026-10-05 18:15,2026-10-05 10:41:45.921,,,,
2026-10-05 10:56:59,2026-10-05,20:15 - 20:30,2026-10-05 18:30,2026-10-05 10:41:45.921,,,,
2026-10-05 10:56:59,2026-10-05,20:30 - 20:45,2026-10-05 18:45,2026-10-05 10:41:45.921,,,,
2026-10-05 10:56:59,2026-10-05,20:45 - 21:00,2026-10-05 19:00,2026-10-05 10:41:45.921,,,,
2026-10-05 10:56:59,2026-10-05,21:00 - 21:15,2026-10-05 19:15,2026-10-05 10:41:45.921,,,,
2026-10-05 10:56:59,2026-10-05,21:15 - 21:30,2026-10-05 19:30,2026-10-05 10:41:45.921,,,,
2026-10-05 10:56:59,2026-10-05,21:30 - 21:45,2026-10-05 19:45,2026-10-05 10:41:45.921,,,,
2026-10-05 10:56:59,2026-10-05,21:45 - 22:00,2026-10-05 20:00,2026-10-05 10:41:45.921,,,,
2026-10-05 10:56:59,2026-10-05,22:00 - 22:15,2026-10-05 20:15,2026-10-05 10:41:45.921,,,,
2026-10-05 10:56:59,2026-10-05,22:15 - 22:30,2026-10-05 20:30,2026-10-05 10:41:45.921,,,,
2026-10-05 10:56:59,2026-10-05,22:30 - 22:45,2026-10-05 20:45,2026-10-05 10:41:45.921,,,,
2026-10-05 10:56:59,2026-10-05,22:45 - 23:00,2026-10-05 21:00,2026-10-05 10:41:45.921,,,,
2026-10-05 10:56:59,2026-10-05,23:00 - 23:15,2026-10-05 21:15,2026-10-05 10:41:45.921,,,,
2026-10-05 10:56:59,2026-10-05,23:15 - 23:30,2026-10-05 21:30,2026-10-05 10:41:45.921,,,,
2026-10-05 10:56:59,2026-10-05,23:30 - 23:45,2026-10-05 21:45,2026-10-05 10:41:45.921,,,,
2026-10-05 10:56:59,2026-10-05,23:45 - 24:00,2026-10-05 22:00,2026-10-05 10:41:45.921,,,,
2026-10-05 11:20:30,2026-10-05,00:00 - 00:15,2026-10-04 22:15,2026-10-05 11:16:12.075,,,,
2026-10-05 11:20:30,2026-10-05,00:15 - 00:30,2026-10-04 22:30,2026-10-05 11:16:12.075,,,,
2026-10-05 11:20:30,2026-10-05,00:30 - 00:45,2026-10-04 22:45,2026-10-05 11:16:12.075,,,,
2026-10-05 11:20:30,2026-10-05,00:45 - 01:00,2026-10-04 23:00,2026-10-05 11:16:12.075,,,,
2026-10-05 11:20:30,2026-10-05,01:00 - 01:15,2026-10-04 23:15,2026-10-05 11:16:12.075,,,,
2026-10-05 11:20:30,2026-10-05,01:15 - 01:30,2026-10-04 23:30,2026-10-05 11:16:12.075,,,,
2026-10-05 11:20:30,2026-10-05,01:30 - 01:45,2026-10-04 23:45,2026-10-05 11:16:12.075,,,,
2026-10-05 11:20:30,2026-10-05,01:45 - 02:00,2026-10-05 00:00,2026-10-05 11:16:12.075,,,,
2026-10-05 11:20:30,2026-10-05,02:00 - 02:15,2026-10-05 00:15,2026-10-05 11:16:12.075,,,,
2026-10-05 11:20:30,2026-10-05,02:15 - 02:30,2026-10-05 00:30,2026-10-05 11:16:12.075,,,,
2026-10-05 11:20:30,2026-10-05,02:30 - 02:45,2026-10-05 00:45,2026-10-05 11:16:12.075,,,,
2026-10-05 11:20:30,2026-10-05,02:45 - 03:00,2026-10-05 01:00,2026-10-05 11:16:12.075,,,,
2026-10-05 11:20:30,2026-10-05,03:00 - 03:15,2026-10-05 01:15,2026-10-05 11:16:12.075,,,,
2026-10-05 11:20:30,2026-10-05,03:15 - 03:30,2026-10-05 01:30,2026-10-05 11:16:12.075,,,,
2026-10-05 11:20:30,2026-10-05,03:30 - 03:45,2026-10-05 01:45,2026-10-05 11:16:12.075,,,,
2026-10-05 11:20:30,2026-10-05,03:45 - 04:00,2026-10-05 02:00,2026-10-05 11:16:12.075,,,,
2026-10-05 11:20:30,2026-10-05,04:00 - 04:15,2026-10-05 02:15,2026-10-05 11:16:12.075,,,,
2026-10-05 11:20:30,2026-10-05,04:15 - 04:30,2026-10-05 02:30,2026-10-05 11:16:12.075,,,,
2026-10-05 11:20:30,2026-10-05,04:30 - 04:45,2026-10-05 02:45,2026-10-05 11:16:12.075,,,,
2026-10-05 11:20:30,2026-10-05,04:45 - 05:00,2026-10-05 03:00,2026-10-05 11:16:12.075,,,,
2026-10-05 11:20:30,2026-10-05,05:00 - 05:15,2026-10-05 03:15,2026-10-05 11:16:12.075,,,,
2026-10-05 11:20:30,2026-10-05,05:15 - 05:30,2026-10-05 03:30,2026-10-05 11:16:12.075,,,,
2026-10-05 11:20:30,2026-10-05,05:30 - 05:45,2026-10-05 03:45,2026-10-05 11:16:12.075,,,,
2026-10-05 11:20:30,2026-10-05,05:45 - 06:00,2026-10-05 04:00,2026-10-05 11:16:12.075,,,,
2026-10-05 11:20:30,2026-10-05,06:00 - 06:15,2026-10-05 04:15,2026-10-05 11:16:12.075,,,,
2026-10-05 11:20:30,2026-10-05,06:15 - 06:30,2026-10-05 04:30,2026-10-05 11:16:12.075,,,,
2026-10-05 11:20:30,2026-10-05,06:30 - 06:45,2026-10-05 04:45,2026-10-05 11:16:12.075,,,,
2026-10-05 11:20:30,2026-10-05,06:45 - 07:00,2026-10-05 05:00,2026-10-05 11:16:12.075,,,,
2026-10-05 11:20:30,2026-10-05,07:00 - 07:15,2026-10-05 05:15,2026-10-05 11:16:12.075,,,,
2026-10-05 11:20:30,2026-10-05,07:15 - 07:30,2026-10-05 05:30,2026-10-05 11:16:12.075,,,,
2026-10-05 11:20:30,2026-10-05,07:30 - 07:45,2026-10-05 05:45,2026-10-05 11:16:12.075,,,,
2026-10-05 11:20:30,2026-10-05,07:45 - 08:00,2026-10-05 06:00,2026-10-05 11:16:12.075,,,,
2026-10-05 11:20:30,2026-10-05,08:00 - 08:15,2026-10-05 06:15,2026-10-05 11:16:12.075,,,,
2026-10-05 11:20:30,2026-10-05,08:15 - 08:30,2026-10-05 06:30,2026-10-05 11:16:12.075,,,,
2026-10-05 11:20:30,2026-10-05,08:30 - 08:45,2026-10-05 06:45,2026-10-05 11:16:12.075,,,,
2026-10-05 11:20:30,2026-10-05,08:45 - 09:00,2026-10-05 07:00,2026-10-05 11:16:12.075,,,,
2026-10-05 11:20:30,2026-10-05,09:00 - 09:15,2026-10-05 07:15,2026-10-05 11:16:12.075,,,,
2026-10-05 11:20:30,2026-10-05,09:15 - 09:30,2026-10-05 07:30,2026-10-05 11:16:12.075,,,,
2026-10-05 11:20:30,2026-10-05,09:30 - 09:45,2026-10-05 07:45,2026-10-05 11:16:12.075,,,,
2026-10-05 11:20:30,2026-10-05,09:45 - 10:00,2026-10-05 08:00,2026-10-05 11:16:12.075,,,,
2026-10-05 11:20:30,2026-10-05,10:00 - 10:15,2026-10-05 08:15,2026-10-05 11:16:12.075,,,,
2026-10-05 11:20:30,2026-10-05,10:15 - 10:30,2026-10-05 08:30,2026-10-05 11:16:12.075,,,,
2026-10-05 11:20:30,2026-10-05,10:30 - 10:45,2026-10-05 08:45,2026-10-05 11:16:12.075,,,,
2026-10-05 11:20:30,2026-10-05,10:45 - 11:00,2026-10-05 09:00,2026-10-05 11:16:12.075,,,,
2026-10-05 11:20:30,2026-10-05,11:00 - 11:15,2026-10-05 09:15,2026-10-05 11:16:12.075,-800.0,,,
2026-10-05 11:20:30,2026-10-05,11:15 - 11:30,2026-10-05 09:30,2026-10-05 11:16:12.075,-800.0,,,
2026-10-05 11:20:30,2026-10-05,11:30 - 11:45,2026-10-05 09:45,2026-10-05 11:16:12.075,-800.0,,,
2026-10-05 11:20:30,2026-10-05,11:45 - 12:00,2026-10-05 10:00,2026-10-05 11:16:12.075,-800.0,,,
2026-10-05 11:20:30,2026-10-05,12:00 - 12:15,2026-10-05 10:15,2026-10-05 11:16:12.075,-785.4,-275.5,,
2026-10-05 11:20:30,2026-10-05,12:15 - 12:30,2026-10-05 10:30,2026-10-05 11:16:12.075,-785.4,-275.5,,
2026-10-05 11:20:30,2026-10-05,12:30 - 12:45,2026-10-05 10:45,2026-10-05 11:16:12.075,-813.1,-282.0,,
2026-10-05 11:20:30,2026-10-05,12:45 - 13:00,2026-10-05 11:00,2026-10-05 11:16:12.075,-877.7,-337.5,,
2026-10-05 11:20:30,2026-10-05,13:00 - 13:15,2026-10-05 11:15,2026-10-05 11:16:12.075,-1320.5,-446.0,,
2026-10-05 11:20:30,2026-10-05,13:15 - 13:30,2026-10-05 11:30,2026-10-05 11:16:12.075,-1320.5,-446.0,,
2026-10-05 11:20:30,2026-10-05,13:30 - 13:45,2026-10-05 11:45,2026-10-05 11:16:12.075,-1320.5,-446.0,,
2026-10-05 11:20:30,2026-10-05,13:45 - 14:00,2026-10-05 12:00,2026-10-05 11:16:12.075,-1320.5,-446.0,,
2026-10-05 11:20:30,2026-10-05,14:00 - 14:15,2026-10-05 12:15,2026-10-05 11:16:12.075,-1421.6,-482.9,,
2026-10-05 11:20:30,2026-10-05,14:15 - 14:30,2026-10-05 12:30,2026-10-05 11:16:12.075,-1421.6,-482.9,,
2026-10-05 11:20:30,2026-10-05,14:30 - 14:45,2026-10-05 12:45,2026-10-05 11:16:12.075,-1421.6,-482.9,,
2026-10-05 11:20:30,2026-10-05,14:45 - 15:00,2026-10-05 13:00,2026-10-05 11:16:12.075,-1421.6,-482.9,,
2026-10-05 11:20:30,2026-10-05,15:00 - 15:15,2026-10-05 13:15,2026-10-05 11:16:12.075,,,,
2026-10-05 11:20:30,2026-10-05,15:15 - 15:30,2026-10-05 13:30,2026-10-05 11:16:12.075,,,,
2026-10-05 11:20:30,2026-10-05,15:30 - 15:45,2026-10-05 13:45,2026-10-05 11:16:12.075,,,,
2026-10-05 11:20:30,2026-10-05,15:45 - 16:00,2026-10-05 14:00,2026-10-05 11:16:12.075,,,,
2026-10-05 11:20:30,2026-10-05,16:00 - 16:15,2026-10-05 14:15,2026-10-05 11:16:12.075,,,,
2026-10-05 11:20:30,2026-10-05,16:15 - 16:30,2026-10-05 14:30,2026-10-05 11:16:12.075,,,,
2026-10-05 11:20:30,2026-10-05,16:30 - 16:45,2026-10-05 14:45,2026-10-05 11:16:12.075,,,,
2026-10-05 11:20:30,2026-10-05,16:45 - 17:00,2026-10-05 15:00,2026-10-05 11:16:12.075,,,,
2026-10-05 11:20:30,2026-10-05,17:00 - 17:15,2026-10-05 15:15,2026-10-05 11:16:12.075,,,,
2026-10-05 11:20:30,2026-10-05,17:15 - 17:30,2026-10-05 15:30,2026-10-05 11:16:12.075,,,,
2026-10-05 11:20:30,2026-10-05,17:30 - 17:45,2026-10-05 15:45,2026-10-05 11:16:12.075,,,,
2026-10-05 11:20:30,2026-10-05,17:45 - 18:00,2026-10-05 16:00,2026-10-05 11:16:12.075,,,,
2026-10-05 11:20:30,2026-10-05,18:00 - 18:15,2026-10-05 16:15,2026-10-05 11:16:12.075,,,,
2026-10-05 11:20:30,2026-10-05,18:15 - 18:30,2026-10-05 16:30,2026-10-05 11:16:12.075,,,,
2026-10-05 11:20:30,2026-10-05,18:30 - 18:45,2026-10-05 16:45,2026-10-05 11:16:12.075,,,,
2026-10-05 11:20:30,2026-10-05,18:45 - 19:00,2026-10-05 17:00,2026-10-05 11:16:12.075,,,,
2026-10-05 11:20:30,2026-10-05,19:00 - 19:15,2026-10-05 17:15,2026-10-05 11:16:12.075,,,,
2026-10-05 11:20:30,2026-10-05,19:15 - 19:30,2026-10-05 17:30,2026-10-05 11:16:12.075,,,,
2026-10-05 11:20:30,2026-10-05,19:30 - 19:45,2026-10-05 17:45,2026-10-05 11:16:12.075,,,,
2026-10-05 11:20:30,2026-10-05,19:45 - 20:00,2026-10-05 18:00,2026-10-05 11:16:12.075,,,,
2026-10-05 11:20:30,2026-10-05,20:00 - 20:15,2026-10-05 18:15,2026-10-05 11:16:12.075,,,,
2026-10-05 11:20:30,2026-10-05,20:15 - 20:30,2026-10-05 18:30,2026-10-05 11:16:12.075,,,,
2026-10-05 11:20:30,2026-10-05,20:30 - 20:45,2026-10-05 18:45,2026-10-05 11:16:12.075,,,,
2026-10-05 11:20:30,2026-10-05,20:45 - 21:00,2026-10-05 19:00,2026-10-05 11:16:12.075,,,,
2026-10-05 11:20:30,2026-10-05,21:00 - 21:15,2026-10-05 19:15,2026-10-05 11:16:12.075,,,,
2026-10-05 11:20:30,2026-10-05,21:15 - 21:30,2026-10-05 19:30,2026-10-05 11:16:12.075,,,,
2026-10-05 11:20:30,2026-10-05,21:30 - 21:45,2026-10-05 19:45,2026-10-05 11:16:12.075,,,,
2026-10-05 11:20:30,2026-10-05,21:45 - 22:00,2026-10-05 20:00,2026-10-05 11:16:12.075,,,,
2026-10-05 11:20:30,2026-10-05,22:00 - 22:15,2026-10-05 20:15,2026-10-05 11:16:12.075,,,,
2026-10-05 11:20:30,2026-10-05,22:15 - 22:30,2026-10-05 20:30,2026-10-05 11:16:12.075,,,,
2026-10-05 11:20:30,2026-10-05,22:30 - 22:45,2026-10-05 20:45,2026-10-05 11:16:12.075,,,,
2026-10-05 11:20:30,2026-10-05,22:45 - 23:00,2026-10-05 21:00,2026-10-05 11:16:12.075,,,,
2026-10-05 11:20:30,2026-10-05,23:00 - 23:15,2026-10-05 21:15,2026-10-05 11:16:12.075,,,,
2026-10-05 11:20:30,2026-10-05,23:15 - 23:30,2026-10-05 21:30,2026-10-05 11:16:12.075,,,,
2026-10-05 11:20:30,2026-10-05,23:30 - 23:45,2026-10-05 21:45,2026-10-05 11:16:12.075,,,,
2026-10-05 11:20:30,2026-10-05,23:45 - 24:00,2026-10-05 22:00,2026-10-05 11:16:12.075,,,,
2026-10-05 12:29:42,2026-10-05,00:00 - 00:15,2026-10-04 22:15,2026-10-05 12:17:50.646,,,,
2026-10-05 12:29:42,2026-10-05,00:15 - 00:30,2026-10-04 22:30,2026-10-05 12:17:50.646,,,,
2026-10-05 12:29:42,2026-10-05,00:30 - 00:45,2026-10-04 22:45,2026-10-05 12:17:50.646,,,,
2026-10-05 12:29:42,2026-10-05,00:45 - 01:00,2026-10-04 23:00,2026-10-05 12:17:50.646,,,,
2026-10-05 12:29:42,2026-10-05,01:00 - 01:15,2026-10-04 23:15,2026-10-05 12:17:50.646,,,,
2026-10-05 12:29:42,2026-10-05,01:15 - 01:30,2026-10-04 23:30,2026-10-05 12:17:50.646,,,,
2026-10-05 12:29:42,2026-10-05,01:30 - 01:45,2026-10-04 23:45,2026-10-05 12:17:50.646,,,,
2026-10-05 12:29:42,2026-10-05,01:45 - 02:00,2026-10-05 00:00,2026-10-05 12:17:50.646,,,,
2026-10-05 12:29:42,2026-10-05,02:00 - 02:15,2026-10-05 00:15,2026-10-05 12:17:50.646,,,,
2026-10-05 12:29:42,2026-10-05,02:15 - 02:30,2026-10-05 00:30,2026-10-05 12:17:50.646,,,,
2026-10-05 12:29:42,2026-10-05,02:30 - 02:45,2026-10-05 00:45,2026-10-05 12:17:50.646,,,,
2026-10-05 12:29:42,2026-10-05,02:45 - 03:00,2026-10-05 01:00,2026-10-05 12:17:50.646,,,,
2026-10-05 12:29:42,2026-10-05,03:00 - 03:15,2026-10-05 01:15,2026-10-05 12:17:50.646,,,,
2026-10-05 12:29:42,2026-10-05,03:15 - 03:30,2026-10-05 01:30,2026-10-05 12:17:50.646,,,,
2026-10-05 12:29:42,2026-10-05,03:30 - 03:45,2026-10-05 01:45,2026-10-05 12:17:50.646,,,,
2026-10-05 12:29:42,2026-10-05,03:45 - 04:00,2026-10-05 02:00,2026-10-05 12:17:50.646,,,,
2026-10-05 12:29:42,2026-10-05,04:00 - 04:15,2026-10-05 02:15,2026-10-05 12:17:50.646,,,,
2026-10-05 12:29:42,2026-10-05,04:15 - 04:30,2026-10-05 02:30,2026-10-05 12:17:50.646,,,,
2026-10-05 12:29:42,2026-10-05,04:30 - 04:45,2026-10-05 02:45,2026-10-05 12:17:50.646,,,,
2026-10-05 12:29:42,2026-10-05,04:45 - 05:00,2026-10-05 03:00,2026-10-05 12:17:50.646,,,,
2026-10-05 12:29:42,2026-10-05,05:00 - 05:15,2026-10-05 03:15,2026-10-05 12:17:50.646,,,,
2026-10-05 12:29:42,2026-10-05,05:15 - 05:30,2026-10-05 03:30,2026-10-05 12:17:50.646,,,,
2026-10-05 12:29:42,2026-10-05,05:30 - 05:45,2026-10-05 03:45,2026-10-05 12:17:50.646,,,,
2026-10-05 12:29:42,2026-10-05,05:45 - 06:00,2026-10-05 04:00,2026-10-05 12:17:50.646,,,,
2026-10-05 12:29:42,2026-10-05,06:00 - 06:15,2026-10-05 04:15,2026-10-05 12:17:50.646,,,,
2026-10-05 12:29:42,2026-10-05,06:15 - 06:30,2026-10-05 04:30,2026-10-05 12:17:50.646,,,,
2026-10-05 12:29:42,2026-10-05,06:30 - 06:45,2026-10-05 04:45,2026-10-05 12:17:50.646,,,,
2026-10-05 12:29:42,2026-10-05,06:45 - 07:00,2026-10-05 05:00,2026-10-05 12:17:50.646,,,,
2026-10-05 12:29:42,2026-10-05,07:00 - 07:15,2026-10-05 05:15,2026-10-05 12:17:50.646,,,,
2026-10-05 12:29:42,2026-10-05,07:15 - 07:30,2026-10-05 05:30,2026-10-05 12:17:50.646,,,,
2026-10-05 12:29:42,2026-10-05,07:30 - 07:45,2026-10-05 05:45,2026-10-05 12:17:50.646,,,,
2026-10-05 12:29:42,2026-10-05,07:45 - 08:00,2026-10-05 06:00,2026-10-05 12:17:50.646,,,,
2026-10-05 12:29:42,2026-10-05,08:00 - 08:15,2026-10-05 06:15,2026-10-05 12:17:50.646,,,,
2026-10-05 12:29:42,2026-10-05,08:15 - 08:30,2026-10-05 06:30,2026-10-05 12:17:50.646,,,,
2026-10-05 12:29:42,2026-10-05,08:30 - 08:45,2026-10-05 06:45,2026-10-05 12:17:50.646,,,,
2026-10-05 12:29:42,2026-10-05,08:45 - 09:00,2026-10-05 07:00,2026-10-05 12:17:50.646,,,,
2026-10-05 12:29:42,2026-10-05,09:00 - 09:15,2026-10-05 07:15,2026-10-05 12:17:50.646,,,,
2026-10-05 12:29:42,2026-10-05,09:15 - 09:30,2026-10-05 07:30,2026-10-05 12:17:50.646,,,,
2026-10-05 12:29:42,2026-10-05,09:30 - 09:45,2026-10-05 07:45,2026-10-05 12:17:50.646,,,,
2026-10-05 12:29:42,2026-10-05,09:45 - 10:00,2026-10-05 08:00,2026-10-05 12:17:50.646,,,,
2026-10-05 12:29:42,2026-10-05,10:00 - 10:15,2026-10-05 08:15,2026-10-05 12:17:50.646,,,,
2026-10-05 12:29:42,2026-10-05,10:15 - 10:30,2026-10-05 08:30,2026-10-05 12:17:50.646,,,,
2026-10-05 12:29:42,2026-10-05,10:30 - 10:45,2026-10-05 08:45,2026-10-05 12:17:50.646,,,,
2026-10-05 12:29:42,2026-10-05,10:45 - 11:00,2026-10-05 09:00,2026-10-05 12:17:50.646,,,,
2026-10-05 12:29:42,2026-10-05,11:00 - 11:15,2026-10-05 09:15,2026-10-05 12:17:50.646,-800.0,,,
2026-10-05 12:29:42,2026-10-05,11:15 - 11:30,2026-10-05 09:30,2026-10-05 12:17:50.646,-800.0,,,
2026-10-05 12:29:42,2026-10-05,11:30 - 11:45,2026-10-05 09:45,2026-10-05 12:17:50.646,-800.0,,,
2026-10-05 12:29:42,2026-10-05,11:45 - 12:00,2026-10-05 10:00,2026-10-05 12:17:50.646,-800.0,,,
2026-10-05 12:29:42,2026-10-05,12:00 - 12:15,2026-10-05 10:15,2026-10-05 12:17:50.646,-785.4,-275.5,,
2026-10-05 12:29:42,2026-10-05,12:15 - 12:30,2026-10-05 10:30,2026-10-05 12:17:50.646,-785.4,-275.5,,
2026-10-05 12:29:42,2026-10-05,12:30 - 12:45,2026-10-05 10:45,2026-10-05 12:17:50.646,-813.1,-282.0,,
2026-10-05 12:29:42,2026-10-05,12:45 - 13:00,2026-10-05 11:00,2026-10-05 12:17:50.646,-877.7,-337.5,,
2026-10-05 12:29:42,2026-10-05,13:00 - 13:15,2026-10-05 11:15,2026-10-05 12:17:50.646,-1320.5,-446.0,,
2026-10-05 12:29:42,2026-10-05,13:15 - 13:30,2026-10-05 11:30,2026-10-05 12:17:50.646,-1320.5,-446.0,,
2026-10-05 12:29:42,2026-10-05,13:30 - 13:45,2026-10-05 11:45,2026-10-05 12:17:50.646,-1320.5,-446.0,,
2026-10-05 12:29:42,2026-10-05,13:45 - 14:00,2026-10-05 12:00,2026-10-05 12:17:50.646,-1320.5,-446.0,,
2026-10-05 12:29:42,2026-10-05,14:00 - 14:15,2026-10-05 12:15,2026-10-05 12:17:50.646,-1421.6,-482.9,,
2026-10-05 12:29:42,2026-10-05,14:15 - 14:30,2026-10-05 12:30,2026-10-05 12:17:50.646,-1421.6,-482.9,,
2026-10-05 12:29:42,2026-10-05,14:30 - 14:45,2026-10-05 12:45,2026-10-05 12:17:50.646,-1421.6,-482.9,,
2026-10-05 12:29:42,2026-10-05,14:45 - 15:00,2026-10-05 13:00,2026-10-05 12:17:50.646,-1421.6,-482.9,,
2026-10-05 12:29:42,2026-10-05,15:00 - 15:15,2026-10-05 13:15,2026-10-05 12:17:50.646,-502.8,-211.1,,
2026-10-05 12:29:42,2026-10-05,15:15 - 15:30,2026-10-05 13:30,2026-10-05 12:17:50.646,-502.8,-211.1,,
2026-10-05 12:29:42,2026-10-05,15:30 - 15:45,2026-10-05 13:45,2026-10-05 12:17:50.646,-502.8,-211.1,,
2026-10-05 12:29:42,2026-10-05,15:45 - 16:00,2026-10-05 14:00,2026-10-05 12:17:50.646,-502.8,-211.1,,
2026-10-05 12:29:42,2026-10-05,16:00 - 16:15,2026-10-05 14:15,2026-10-05 12:17:50.646,,,,
2026-10-05 12:29:42,2026-10-05,16:15 - 16:30,2026-10-05 14:30,2026-10-05 12:17:50.646,,,,
2026-10-05 12:29:42,2026-10-05,16:30 - 16:45,2026-10-05 14:45,2026-10-05 12:17:50.646,,,,
2026-10-05 12:29:42,2026-10-05,16:45 - 17:00,2026-10-05 15:00,2026-10-05 12:17:50.646,,,,
2026-10-05 12:29:42,2026-10-05,17:00 - 17:15,2026-10-05 15:15,2026-10-05 12:17:50.646,,,,
2026-10-05 12:29:42,2026-10-05,17:15 - 17:30,2026-10-05 15:30,2026-10-05 12:17:50.646,,,,
2026-10-05 12:29:42,2026-10-05,17:30 - 17:45,2026-10-05 15:45,2026-10-05 12:17:50.646,,,,
2026-10-05 12:29:42,2026-10-05,17:45 - 18:00,2026-10-05 16:00,2026-10-05 12:17:50.646,,,,
2026-10-05 12:29:42,2026-10-05,18:00 - 18:15,2026-10-05 16:15,2026-10-05 12:17:50.646,,,,
2026-10-05 12:29:42,2026-10-05,18:15 - 18:30,2026-10-05 16:30,2026-10-05 12:17:50.646,,,,
2026-10-05 12:29:42,2026-10-05,18:30 - 18:45,2026-10-05 16:45,2026-10-05 12:17:50.646,,,,
2026-10-05 12:29:42,2026-10-05,18:45 - 19:00,2026-10-05 17:00,2026-10-05 12:17:50.646,,,,
2026-10-05 12:29:42,2026-10-05,19:00 - 19:15,2026-10-05 17:15,2026-10-05 12:17:50.646,,,,
2026-10-05 12:29:42,2026-10-05,19:15 - 19:30,2026-10-05 17:30,2026-10-05 12:17:50.646,,,,
2026-10-05 12:29:42,2026-10-05,19:30 - 19:45,2026-10-05 17:45,2026-10-05 12:17:50.646,,,,
2026-10-05 12:29:42,2026-10-05,19:45 - 20:00,2026-10-05 18:00,2026-10-05 12:17:50.646,,,,
2026-10-05 12:29:42,2026-10-05,20:00 - 20:15,2026-10-05 18:15,2026-10-05 12:17:50.646,,,,
2026-10-05 12:29:42,2026-10-05,20:15 - 20:30,2026-10-05 18:30,2026-10-05 12:17:50.646,,,,
2026-10-05 12:29:42,2026-10-05,20:30 - 20:45,2026-10-05 18:45,2026-10-05 12:17:50.646,,,,
2026-10-05 12:29:42,2026-10-05,20:45 - 21:00,2026-10-05 19:00,2026-10-05 12:17:50.646,,,,
2026-10-05 12:29:42,2026-10-05,21:00 - 21:15,2026-10-05 19:15,2026-10-05 12:17:50.646,,,,
2026-10-05 12:29:42,2026-10-05,21:15 - 21:30,2026-10-05 19:30,2026-10-05 12:17:50.646,,,,
2026-10-05 12:29:42,2026-10-05,21:30 - 21:45,2026-10-05 19:45,2026-10-05 12:17:50.646,,,,
2026-10-05 12:29:42,2026-10-05,21:45 - 22:00,2026-10-05 20:00,2026-10-05 12:17:50.646,,,,
2026-10-05 12:29:42,2026-10-05,22:00 - 22:15,2026-10-05 20:15,2026-10-05 12:17:50.646,,,,
2026-10-05 12:29:42,2026-10-05,22:15 - 22:30,2026-10-05 20:30,2026-10-05 12:17:50.646,,,,
2026-10-05 12:29:42,2026-10-05,22:30 - 22:45,2026-10-05 20:45,2026-10-05 12:17:50.646,,,,
2026-10-05 12:29:42,2026-10-05,22:45 - 23:00,2026-10-05 21:00,2026-10-05 12:17:50.646,,,,
2026-10-05 12:29:42,2026-10-05,23:00 - 23:15,2026-10-05 21:15,2026-10-05 12:17:50.646,,,,
2026-10-05 12:29:42,2026-10-05,23:15 - 23:30,2026-10-05 21:30,2026-10-05 12:17:50.646,,,,
2026-10-05 12:29:42,2026-10-05,23:30 - 23:45,2026-10-05 21:45,2026-10-05 12:17:50.646,,,,
2026-10-05 12:29:42,2026-10-05,23:45 - 24:00,2026-10-05 22:00,2026-10-05 12:17:50.646,,,,
2026-10-06 03:15:58,2026-10-07,00:00 - 00:15,2026-10-06 22:15,2026-10-05 22:10:12.138,,,,
2026-10-06 03:15:58,2026-10-07,00:15 - 00:30,2026-10-06 22:30,2026-10-05 22:10:12.138,,,,
2026-10-06 03:15:58,2026-10-07,00:30 - 00:45,2026-10-06 22:45,2026-10-05 22:10:12.138,,,,
2026-10-06 03:15:58,2026-10-07,00:45 - 01:00,2026-10-06 23:00,2026-10-05 22:10:12.138,,,,
2026-10-06 03:15:58,2026-10-07,01:00 - 01:15,2026-10-06 23:15,2026-10-05 22:10:12.138,,,,
2026-10-06 03:15:58,2026-10-07,01:15 - 01:30,2026-10-06 23:30,2026-10-05 22:10:12.138,,,,
2026-10-06 03:15:58,2026-10-07,01:30 - 01:45,2026-10-06 23:45,2026-10-05 22:10:12.138,,,,
2026-10-06 03:15:58,2026-10-07,01:45 - 02:00,2026-10-07 00:00,2026-10-05 22:10:12.138,,,,
2026-10-06 03:15:58,2026-10-07,02:00 - 02:15,2026-10-07 00:15,2026-10-05 22:10:12.138,,,,
2026-10-06 03:15:58,2026-10-07,02:15 - 02:30,2026-10-07 00:30,2026-10-05 22:10:12.138,,,,
2026-10-06 03:15:58,2026-10-07,02:30 - 02:45,2026-10-07 00:45,2026-10-05 22:10:12.138,,,,
2026-10-06 03:15:58,2026-10-07,02:45 - 03:00,2026-10-07 01:00,2026-10-05 22:10:12.138,,,,
2026-10-06 03:15:58,2026-10-07,03:00 - 03:15,2026-10-07 01:15,2026-10-05 22:10:12.138,,,,
2026-10-06 03:15:58,2026-10-07,03:15 - 03:30,2026-10-07 01:30,2026-10-05 22:10:12.138,,,,
2026-10-06 03:15:58,2026-10-07,03:30 - 03:45,2026-10-07 01:45,2026-10-05 22:10:12.138,,,,
2026-10-06 03:15:58,2026-10-07,03:45 - 04:00,2026-10-07 02:00,2026-10-05 22:10:12.138,,,,
2026-10-06 03:15:58,2026-10-07,04:00 - 04:15,2026-10-07 02:15,2026-10-05 22:10:12.138,,,,
2026-10-06 03:15:58,2026-10-07,04:15 - 04:30,2026-10-07 02:30,2026-10-05 22:10:12.138,,,,
2026-10-06 03:15:58,2026-10-07,04:30 - 04:45,2026-10-07 02:45,2026-10-05 22:10:12.138,,,,
2026-10-06 03:15:58,2026-10-07,04:45 - 05:00,2026-10-07 03:00,2026-10-05 22:10:12.138,,,,
2026-10-06 03:15:58,2026-10-07,05:00 - 05:15,2026-10-07 03:15,2026-10-05 22:10:12.138,,,,
2026-10-06 03:15:58,2026-10-07,05:15 - 05:30,2026-10-07 03:30,2026-10-05 22:10:12.138,,,,
2026-10-06 03:15:58,2026-10-07,05:30 - 05:45,2026-10-07 03:45,2026-10-05 22:10:12.138,,,,
2026-10-06 03:15:58,2026-10-07,05:45 - 06:00,2026-10-07 04:00,2026-10-05 22:10:12.138,,,,
2026-10-06 03:15:58,2026-10-07,06:00 - 06:15,2026-10-07 04:15,2026-10-05 22:10:12.138,,,,
2026-10-06 03:15:58,2026-10-07,06:15 - 06:30,2026-10-07 04:30,2026-10-05 22:10:12.138,,,,
2026-10-06 03:15:58,2026-10-07,06:30 - 06:45,2026-10-07 04:45,2026-10-05 22:10:12.138,,,,
2026-10-06 03:15:58,2026-10-07,06:45 - 07:00,2026-10-07 05:00,2026-10-05 22:10:12.138,,,,
2026-10-06 03:15:58,2026-10-07,07:00 - 07:15,2026-10-07 05:15,2026-10-05 22:10:12.138,,,,
2026-10-06 03:15:58,2026-10-07,07:15 - 07:30,2026-10-07 05:30,2026-10-05 22:10:12.138,,,,
2026-10-06 03:15:58,2026-10-07,07:30 - 07:45,2026-10-07 05:45,2026-10-05 22:10:12.138,,,,
2026-10-06 03:15:58,2026-10-07,07:45 - 08:00,2026-10-07 06:00,2026-10-05 22:10:12.138,,,,
2026-10-06 03:15:58,2026-10-07,08:00 - 08:15,2026-10-07 06:15,2026-10-05 22:10:12.138,,,,
2026-10-06 03:15:58,2026-10-07,08:15 - 08:30,2026-10-07 06:30,2026-10-05 22:10:12.138,,,,
2026-10-06 03:15:58,2026-10-07,08:30 - 08:45,2026-10-07 06:45,2026-10-05 22:10:12.138,,,,
2026-10-06 03:15:58,2026-10-07,08:45 - 09:00,2026-10-07 07:00,2026-10-05 22:10:12.138,,,,
2026-10-06 03:15:58,2026-10-07,09:00 - 09:15,2026-10-07 07:15,2026-10-05 22:10:12.138,,,,
2026-10-06 03:15:58,2026-10-07,09:15 - 09:30,2026-10-07 07:30,2026-10-05 22:10:12.138,,,,
2026-10-06 03:15:58,2026-10-07,09:30 - 09:45,2026-10-07 07:45,2026-10-05 22:10:12.138,,,,
2026-10-06 03:15:58,2026-10-07,09:45 - 10:00,2026-10-07 08:00,2026-10-05 22:10:12.138,,,,
2026-10-06 03:15:58,2026-10-07,10:00 - 10:15,2026-10-07 08:15,2026-10-05 22:10:12.138,,,,
2026-10-06 03:15:58,2026-10-07,10:15 - 10:30,2026-10-07 08:30,2026-10-05 22:10:12.138,,,,
2026-10-06 03:15:58,2026-10-07,10:30 - 10:45,2026-10-07 08:45,2026-10-05 22:10:12.138,,,,
2026-10-06 03:15:58,2026-10-07,10:45 - 11:00,2026-10-07 09:00,2026-10-05 22:10:12.138,,,,
2026-10-06 03:15:58,2026-10-07,11:00 - 11:15,2026-10-07 09:15,2026-10-05 22:10:12.138,,,,
2026-10-06 03:15:58,2026-10-07,11:15 - 11:30,2026-10-07 09:30,2026-10-05 22:10:12.138,,,,
2026-10-06 03:15:58,2026-10-07,11:30 - 11:45,2026-10-07 09:45,2026-10-05 22:10:12.138,,,,
2026-10-06 03:15:58,2026-10-07,11:45 - 12:00,2026-10-07 10:00,2026-10-05 22:10:12.138,,,,
2026-10-06 03:15:58,2026-10-07,12:00 - 12:15,2026-10-07 10:15,2026-10-05 22:10:12.138,,,,
2026-10-06 03:15:58,2026-10-07,12:15 - 12:30,2026-10-07 10:30,2026-10-05 22:10:12.138,,,,
2026-10-06 03:15:58,2026-10-07,12:30 - 12:45,2026-10-07 10:45,2026-10-05 22:10:12.138,,,,
2026-10-06 03:15:58,2026-10-07,12:45 - 13:00,2026-10-07 11:00,2026-10-05 22:10:12.138,,,,
2026-10-06 03:15:58,2026-10-07,13:00 - 13:15,2026-10-07 11:15,2026-10-05 22:10:12.138,,,,
2026-10-06 03:15:58,2026-10-07,13:15 - 13:30,2026-10-07 11:30,2026-10-05 22:10:12.138,,,,
2026-10-06 03:15:58,2026-10-07,13:30 - 13:45,2026-10-07 11:45,2026-10-05 22:10:12.138,,,,
2026-10-06 03:15:58,2026-10-07,13:45 - 14:00,2026-10-07 12:00,2026-10-05 22:10:12.138,,,,
2026-10-06 03:15:58,2026-10-07,14:00 - 14:15,2026-10-07 12:15,2026-10-05 22:10:12.138,,,,
2026-10-06 03:15:58,2026-10-07,14:15 - 14:30,2026-10-07 12:30,2026-10-05 22:10:12.138,,,,
2026-10-06 03:15:58,2026-10-07,14:30 - 14:45,2026-10-07 12:45,2026-10-05 22:10:12.138,,,,
2026-10-06 03:15:58,2026-10-07,14:45 - 15:00,2026-10-07 13:00,2026-10-05 22:10:12.138,,,,
2026-10-06 03:15:58,2026-10-07,15:00 - 15:15,2026-10-07 13:15,2026-10-05 22:10:12.138,,,,
2026-10-06 03:15:58,2026-10-07,15:15 - 15:30,2026-10-07 13:30,2026-10-05 22:10:12.138,,,,
2026-10-06 03:15:58,2026-10-07,15:30 - 15:45,2026-10-07 13:45,2026-10-05 22:10:12.138,,,,
2026-10-06 03:15:58,2026-10-07,15:45 - 16:00,2026-10-07 14:00,2026-10-05 22:10:12.138,,,,
2026-10-06 03:15:58,2026-10-07,16:00 - 16:15,2026-10-07 14:15,2026-10-05 22:10:12.138,,,,
2026-10-06 03:15:58,2026-10-07,16:15 - 16:30,2026-10-07 14:30,2026-10-05 22:10:12.138,,,,
2026-10-06 03:15:58,2026-10-07,16:30 - 16:45,2026-10-07 14:45,2026-10-05 22:10:12.138,,,,
2026-10-06 03:15:58,2026-10-07,16:45 - 17:00,2026-10-07 15:00,2026-10-05 22:10:12.138,,,,
2026-10-06 03:15:58,2026-10-07,17:00 - 17:15,2026-10-07 15:15,2026-10-05 22:10:12.138,,,,
2026-10-06 03:15:58,2026-10-07,17:15 - 17:30,2026-10-07 15:30,2026-10-05 22:10:12.138,,,,
2026-10-06 03:15:58,2026-10-07,17:30 - 17:45,2026-10-07 15:45,2026-10-05 22:10:12.138,,,,
2026-10-06 03:15:58,2026-10-07,17:45 - 18:00,2026-10-07 16:00,2026-10-05 22:10:12.138,,,,
2026-10-06 03:15:58,2026-10-07,18:00 - 18:15,2026-10-07 16:15,2026-10-05 22:10:12.138,,,,
2026-10-06 03:15:58,2026-10-07,18:15 - 18:30,2026-10-07 16:30,2026-10-05 22:10:12.138,,,,
2026-10-06 03:15:58,2026-10-07,18:30 - 18:45,2026-10-07 16:45,2026-10-05 22:10:12.138,,,,
2026-10-06 03:15:58,2026-10-07,18:45 - 19:00,2026-10-07 17:00,2026-10-05 22:10:12.138,,,,
2026-10-06 03:15:58,2026-10-07,19:00 - 19:15,2026-10-07 17:15,2026-10-05 22:10:12.138,,,,
2026-10-06 03:15:58,2026-10-07,19:15 - 19:30,2026-10-07 17:30,2026-10-05 22:10:12.138,,,,
2026-10-06 03:15:58,2026-10-07,19:30 - 19:45,2026-10-07 17:45,2026-10-05 22:10:12.138,,,,
2026-10-06 03:15:58,2026-10-07,19:45 - 20:00,2026-10-07 18:00,2026-10-05 22:10:12.138,,,,
2026-10-06 03:15:58,2026-10-07,20:00 - 20:15,2026-10-07 18:15,2026-10-05 22:10:12.138,,,,
2026-10-06 03:15:58,2026-10-07,20:15 - 20:30,2026-10-07 18:30,2026-10-05 22:10:12.138,,,,
2026-10-06 03:15:58,2026-10-07,20:30 - 20:45,2026-10-07 18:45,2026-10-05 22:10:12.138,,,,
2026-10-06 03:15:58,2026-10-07,20:45 - 21:00,2026-10-07 19:00,2026-10-05 22:10:12.138,,,,
2026-10-06 03:15:58,2026-10-07,21:00 - 21:15,2026-10-07 19:15,2026-10-05 22:10:12.138,,,,
2026-10-06 03:15:58,2026-10-07,21:15 - 21:30,2026-10-07 19:30,2026-10-05 22:10:12.138,,,,
2026-10-06 03:15:58,2026-10-07,21:30 - 21:45,2026-10-07 19:45,2026-10-05 22:10:12.138,,,,
2026-10-06 03:15:58,2026-10-07,21:45 - 22:00,2026-10-07 20:00,2026-10-05 22:10:12.138,,,,
2026-10-06 03:15:58,2026-10-07,22:00 - 22:15,2026-10-07 20:15,2026-10-05 22:10:12.138,,,,
2026-10-06 03:15:58,2026-10-07,22:15 - 22:30,2026-10-07 20:30,2026-10-05 22:10:12.138,,,,
2026-10-06 03:15:58,2026-10-07,22:30 - 22:45,2026-10-07 20:45,2026-10-05 22:10:12.138,,,,
2026-10-06 03:15:58,2026-10-07,22:45 - 23:00,2026-10-07 21:00,2026-10-05 22:10:12.138,,,,
2026-10-06 03:15:58,2026-10-07,23:00 - 23:15,2026-10-07 21:15,2026-10-05 22:10:12.138,,,,
2026-10-06 03:15:58,2026-10-07,23:15 - 23:30,2026-10-07 21:30,2026-10-05 22:10:12.138,,,,
2026-10-06 03:15:58,2026-10-07,23:30 - 23:45,2026-10-07 21:45,2026-10-05 22:10:12.138,,,,
2026-10-06 03:15:58,2026-10-07,23:45 - 24:00,2026-10-07 22:00,2026-10-05 22:10:12.138,,,,
2026-10-06 09:38:54,2026-10-06,00:00 - 00:15,2026-10-05 22:15,2026-10-06 09:31:01.883,,,,
2026-10-06 09:38:54,2026-10-06,00:15 - 00:30,2026-10-05 22:30,2026-10-06 09:31:01.883,,,,
2026-10-06 09:38:54,2026-10-06,00:30 - 00:45,2026-10-05 22:45,2026-10-06 09:31:01.883,,,,
2026-10-06 09:38:54,2026-10-06,00:45 - 01:00,2026-10-05 23:00,2026-10-06 09:31:01.883,,,,
2026-10-06 09:38:54,2026-10-06,01:00 - 01:15,2026-10-05 23:15,2026-10-06 09:31:01.883,,,,
2026-10-06 09:38:54,2026-10-06,01:15 - 01:30,2026-10-05 23:30,2026-10-06 09:31:01.883,,,,
2026-10-06 09:38:54,2026-10-06,01:30 - 01:45,2026-10-05 23:45,2026-10-06 09:31:01.883,,,,
2026-10-06 09:38:54,2026-10-06,01:45 - 02:00,2026-10-06 00:00,2026-10-06 09:31:01.883,,,,
2026-10-06 09:38:54,2026-10-06,02:00 - 02:15,2026-10-06 00:15,2026-10-06 09:31:01.883,,,,
2026-10-06 09:38:54,2026-10-06,02:15 - 02:30,2026-10-06 00:30,2026-10-06 09:31:01.883,,,,
2026-10-06 09:38:54,2026-10-06,02:30 - 02:45,2026-10-06 00:45,2026-10-06 09:31:01.883,,,,
2026-10-06 09:38:54,2026-10-06,02:45 - 03:00,2026-10-06 01:00,2026-10-06 09:31:01.883,,,,
2026-10-06 09:38:54,2026-10-06,03:00 - 03:15,2026-10-06 01:15,2026-10-06 09:31:01.883,,,,
2026-10-06 09:38:54,2026-10-06,03:15 - 03:30,2026-10-06 01:30,2026-10-06 09:31:01.883,,,,
2026-10-06 09:38:54,2026-10-06,03:30 - 03:45,2026-10-06 01:45,2026-10-06 09:31:01.883,,,,
2026-10-06 09:38:54,2026-10-06,03:45 - 04:00,2026-10-06 02:00,2026-10-06 09:31:01.883,,,,
2026-10-06 09:38:54,2026-10-06,04:00 - 04:15,2026-10-06 02:15,2026-10-06 09:31:01.883,,,,
2026-10-06 09:38:54,2026-10-06,04:15 - 04:30,2026-10-06 02:30,2026-10-06 09:31:01.883,,,,
2026-10-06 09:38:54,2026-10-06,04:30 - 04:45,2026-10-06 02:45,2026-10-06 09:31:01.883,,,,
2026-10-06 09:38:54,2026-10-06,04:45 - 05:00,2026-10-06 03:00,2026-10-06 09:31:01.883,,,,
2026-10-06 09:38:54,2026-10-06,05:00 - 05:15,2026-10-06 03:15,2026-10-06 09:31:01.883,,,,
2026-10-06 09:38:54,2026-10-06,05:15 - 05:30,2026-10-06 03:30,2026-10-06 09:31:01.883,,,,
2026-10-06 09:38:54,2026-10-06,05:30 - 05:45,2026-10-06 03:45,2026-10-06 09:31:01.883,,,,
2026-10-06 09:38:54,2026-10-06,05:45 - 06:00,2026-10-06 04:00,2026-10-06 09:31:01.883,,,,
2026-10-06 09:38:54,2026-10-06,06:00 - 06:15,2026-10-06 04:15,2026-10-06 09:31:01.883,,,,
2026-10-06 09:38:54,2026-10-06,06:15 - 06:30,2026-10-06 04:30,2026-10-06 09:31:01.883,,,,
2026-10-06 09:38:54,2026-10-06,06:30 - 06:45,2026-10-06 04:45,2026-10-06 09:31:01.883,,,,
2026-10-06 09:38:54,2026-10-06,06:45 - 07:00,2026-10-06 05:00,2026-10-06 09:31:01.883,,,,
2026-10-06 09:38:54,2026-10-06,07:00 - 07:15,2026-10-06 05:15,2026-10-06 09:31:01.883,,,,
2026-10-06 09:38:54,2026-10-06,07:15 - 07:30,2026-10-06 05:30,2026-10-06 09:31:01.883,,,,
2026-10-06 09:38:54,2026-10-06,07:30 - 07:45,2026-10-06 05:45,2026-10-06 09:31:01.883,,,,
2026-10-06 09:38:54,2026-10-06,07:45 - 08:00,2026-10-06 06:00,2026-10-06 09:31:01.883,,,,
2026-10-06 09:38:54,2026-10-06,08:00 - 08:15,2026-10-06 06:15,2026-10-06 09:31:01.883,,,,
2026-10-06 09:38:54,2026-10-06,08:15 - 08:30,2026-10-06 06:30,2026-10-06 09:31:01.883,,,,
2026-10-06 09:38:54,2026-10-06,08:30 - 08:45,2026-10-06 06:45,2026-10-06 09:31:01.883,,,,
2026-10-06 09:38:54,2026-10-06,08:45 - 09:00,2026-10-06 07:00,2026-10-06 09:31:01.883,,,,
2026-10-06 09:38:54,2026-10-06,09:00 - 09:15,2026-10-06 07:15,2026-10-06 09:31:01.883,,,,
2026-10-06 09:38:54,2026-10-06,09:15 - 09:30,2026-10-06 07:30,2026-10-06 09:31:01.883,,,,
2026-10-06 09:38:54,2026-10-06,09:30 - 09:45,2026-10-06 07:45,2026-10-06 09:31:01.883,,,,
2026-10-06 09:38:54,2026-10-06,09:45 - 10:00,2026-10-06 08:00,2026-10-06 09:31:01.883,,,,
2026-10-06 09:38:54,2026-10-06,10:00 - 10:15,2026-10-06 08:15,2026-10-06 09:31:01.883,,,,
2026-10-06 09:38:54,2026-10-06,10:15 - 10:30,2026-10-06 08:30,2026-10-06 09:31:01.883,,,,
2026-10-06 09:38:54,2026-10-06,10:30 - 10:45,2026-10-06 08:45,2026-10-06 09:31:01.883,,,,
2026-10-06 09:38:54,2026-10-06,10:45 - 11:00,2026-10-06 09:00,2026-10-06 09:31:01.883,,,,
2026-10-06 09:38:54,2026-10-06,11:00 - 11:15,2026-10-06 09:15,2026-10-06 09:31:01.883,,,,
2026-10-06 09:38:54,2026-10-06,11:15 - 11:30,2026-10-06 09:30,2026-10-06 09:31:01.883,,,,
2026-10-06 09:38:54,2026-10-06,11:30 - 11:45,2026-10-06 09:45,2026-10-06 09:31:01.883,,,,
2026-10-06 09:38:54,2026-10-06,11:45 - 12:00,2026-10-06 10:00,2026-10-06 09:31:01.883,,,,
2026-10-06 09:38:54,2026-10-06,12:00 - 12:15,2026-10-06 10:15,2026-10-06 09:31:01.883,-239.9,-60.1,,
2026-10-06 09:38:54,2026-10-06,12:15 - 12:30,2026-10-06 10:30,2026-10-06 09:31:01.883,-239.9,-60.1,,
2026-10-06 09:38:54,2026-10-06,12:30 - 12:45,2026-10-06 10:45,2026-10-06 09:31:01.883,-239.9,-60.1,,
2026-10-06 09:38:54,2026-10-06,12:45 - 13:00,2026-10-06 11:00,2026-10-06 09:31:01.883,-239.9,-60.1,,
2026-10-06 09:38:54,2026-10-06,13:00 - 13:15,2026-10-06 11:15,2026-10-06 09:31:01.883,,,,
2026-10-06 09:38:54,2026-10-06,13:15 - 13:30,2026-10-06 11:30,2026-10-06 09:31:01.883,,,,
2026-10-06 09:38:54,2026-10-06,13:30 - 13:45,2026-10-06 11:45,2026-10-06 09:31:01.883,,,,
2026-10-06 09:38:54,2026-10-06,13:45 - 14:00,2026-10-06 12:00,2026-10-06 09:31:01.883,,,,
2026-10-06 09:38:54,2026-10-06,14:00 - 14:15,2026-10-06 12:15,2026-10-06 09:31:01.883,,,,
2026-10-06 09:38:54,2026-10-06,14:15 - 14:30,2026-10-06 12:30,2026-10-06 09:31:01.883,,,,
2026-10-06 09:38:54,2026-10-06,14:30 - 14:45,2026-10-06 12:45,2026-10-06 09:31:01.883,,,,
2026-10-06 09:38:54,2026-10-06,14:45 - 15:00,2026-10-06 13:00,2026-10-06 09:31:01.883,,,,
2026-10-06 09:38:54,2026-10-06,15:00 - 15:15,2026-10-06 13:15,2026-10-06 09:31:01.883,,,,
2026-10-06 09:38:54,2026-10-06,15:15 - 15:30,2026-10-06 13:30,2026-10-06 09:31:01.883,,,,
2026-10-06 09:38:54,2026-10-06,15:30 - 15:45,2026-10-06 13:45,2026-10-06 09:31:01.883,,,,
2026-10-06 09:38:54,2026-10-06,15:45 - 16:00,2026-10-06 14:00,2026-10-06 09:31:01.883,,,,
2026-10-06 09:38:54,2026-10-06,16:00 - 16:15,2026-10-06 14:15,2026-10-06 09:31:01.883,,,,
2026-10-06 09:38:54,2026-10-06,16:15 - 16:30,2026-10-06 14:30,2026-10-06 09:31:01.883,,,,
2026-10-06 09:38:54,2026-10-06,16:30 - 16:45,2026-10-06 14:45,2026-10-06 09:31:01.883,,,,
2026-10-06 09:38:54,2026-10-06,16:45 - 17:00,2026-10-06 15:00,2026-10-06 09:31:01.883,,,,
2026-10-06 09:38:54,2026-10-06,17:00 - 17:15,2026-10-06 15:15,2026-10-06 09:31:01.883,,,,
2026-10-06 09:38:54,2026-10-06,17:15 - 17:30,2026-10-06 15:30,2026-10-06 09:31:01.883,,,,
2026-10-06 09:38:54,2026-10-06,17:30 - 17:45,2026-10-06 15:45,2026-10-06 09:31:01.883,,,,
2026-10-06 09:38:54,2026-10-06,17:45 - 18:00,2026-10-06 16:00,2026-10-06 09:31:01.883,,,,
2026-10-06 09:38:54,2026-10-06,18:00 - 18:15,2026-10-06 16:15,2026-10-06 09:31:01.883,,,,
2026-10-06 09:38:54,2026-10-06,18:15 - 18:30,2026-10-06 16:30,2026-10-06 09:31:01.883,,,,
2026-10-06 09:38:54,2026-10-06,18:30 - 18:45,2026-10-06 16:45,2026-10-06 09:31:01.883,,,,
2026-10-06 09:38:54,2026-10-06,18:45 - 19:00,2026-10-06 17:00,2026-10-06 09:31:01.883,,,,
2026-10-06 09:38:54,2026-10-06,19:00 - 19:15,2026-10-06 17:15,2026-10-06 09:31:01.883,,,,
2026-10-06 09:38:54,2026-10-06,19:15 - 19:30,2026-10-06 17:30,2026-10-06 09:31:01.883,,,,
2026-10-06 09:38:54,2026-10-06,19:30 - 19:45,2026-10-06 17:45,2026-10-06 09:31:01.883,,,,
2026-10-06 09:38:54,2026-10-06,19:45 - 20:00,2026-10-06 18:00,2026-10-06 09:31:01.883,,,,
2026-10-06 09:38:54,2026-10-06,20:00 - 20:15,2026-10-06 18:15,2026-10-06 09:31:01.883,,,,
2026-10-06 09:38:54,2026-10-06,20:15 - 20:30,2026-10-06 18:30,2026-10-06 09:31:01.883,,,,
2026-10-06 09:38:54,2026-10-06,20:30 - 20:45,2026-10-06 18:45,2026-10-06 09:31:01.883,,,,
2026-10-06 09:38:54,2026-10-06,20:45 - 21:00,2026-10-06 19:00,2026-10-06 09:31:01.883,,,,
2026-10-06 09:38:54,2026-10-06,21:00 - 21:15,2026-10-06 19:15,2026-10-06 09:31:01.883,,,,
2026-10-06 09:38:54,2026-10-06,21:15 - 21:30,2026-10-06 19:30,2026-10-06 09:31:01.883,,,,
2026-10-06 09:38:54,2026-10-06,21:30 - 21:45,2026-10-06 19:45,2026-10-06 09:31:01.883,,,,
2026-10-06 09:38:54,2026-10-06,21:45 - 22:00,2026-10-06 20:00,2026-10-06 09:31:01.883,,,,
2026-10-06 09:38:54,2026-10-06,22:00 - 22:15,2026-10-06 20:15,2026-10-06 09:31:01.883,,,,
2026-10-06 09:38:54,2026-10-06,22:15 - 22:30,2026-10-06 20:30,2026-10-06 09:31:01.883,,,,
2026-10-06 09:38:54,2026-10-06,22:30 - 22:45,2026-10-06 20:45,2026-10-06 09:31:01.883,,,,
2026-10-06 09:38:54,2026-10-06,22:45 - 23:00,2026-10-06 21:00,2026-10-06 09:31:01.883,,,,
2026-10-06 09:38:54,2026-10-06,23:00 - 23:15,2026-10-06 21:15,2026-10-06 09:31:01.883,,,,
2026-10-06 09:38:54,2026-10-06,23:15 - 23:30,2026-10-06 21:30,2026-10-06 09:31:01.883,,,,
2026-10-06 09:38:54,2026-10-06,23:30 - 23:45,2026-10-06 21:45,2026-10-06 09:31:01.883,,,,
2026-10-06 09:38:54,2026-10-06,23:45 - 24:00,2026-10-06 22:00,2026-10-06 09:31:01.883,,,,
2026-10-06 10:41:14,2026-10-06,00:00 - 00:15,2026-10-05 22:15,2026-10-06 10:30:00.903,,,,
2026-10-06 10:41:14,2026-10-06,00:15 - 00:30,2026-10-05 22:30,2026-10-06 10:30:00.903,,,,
2026-10-06 10:41:14,2026-10-06,00:30 - 00:45,2026-10-05 22:45,2026-10-06 10:30:00.903,,,,
2026-10-06 10:41:14,2026-10-06,00:45 - 01:00,2026-10-05 23:00,2026-10-06 10:30:00.903,,,,
2026-10-06 10:41:14,2026-10-06,01:00 - 01:15,2026-10-05 23:15,2026-10-06 10:30:00.903,,,,
2026-10-06 10:41:14,2026-10-06,01:15 - 01:30,2026-10-05 23:30,2026-10-06 10:30:00.903,,,,
2026-10-06 10:41:14,2026-10-06,01:30 - 01:45,2026-10-05 23:45,2026-10-06 10:30:00.903,,,,
2026-10-06 10:41:14,2026-10-06,01:45 - 02:00,2026-10-06 00:00,2026-10-06 10:30:00.903,,,,
2026-10-06 10:41:14,2026-10-06,02:00 - 02:15,2026-10-06 00:15,2026-10-06 10:30:00.903,,,,
2026-10-06 10:41:14,2026-10-06,02:15 - 02:30,2026-10-06 00:30,2026-10-06 10:30:00.903,,,,
2026-10-06 10:41:14,2026-10-06,02:30 - 02:45,2026-10-06 00:45,2026-10-06 10:30:00.903,,,,
2026-10-06 10:41:14,2026-10-06,02:45 - 03:00,2026-10-06 01:00,2026-10-06 10:30:00.903,,,,
2026-10-06 10:41:14,2026-10-06,03:00 - 03:15,2026-10-06 01:15,2026-10-06 10:30:00.903,,,,
2026-10-06 10:41:14,2026-10-06,03:15 - 03:30,2026-10-06 01:30,2026-10-06 10:30:00.903,,,,
2026-10-06 10:41:14,2026-10-06,03:30 - 03:45,2026-10-06 01:45,2026-10-06 10:30:00.903,,,,
2026-10-06 10:41:14,2026-10-06,03:45 - 04:00,2026-10-06 02:00,2026-10-06 10:30:00.903,,,,
2026-10-06 10:41:14,2026-10-06,04:00 - 04:15,2026-10-06 02:15,2026-10-06 10:30:00.903,,,,
2026-10-06 10:41:14,2026-10-06,04:15 - 04:30,2026-10-06 02:30,2026-10-06 10:30:00.903,,,,
2026-10-06 10:41:14,2026-10-06,04:30 - 04:45,2026-10-06 02:45,2026-10-06 10:30:00.903,,,,
2026-10-06 10:41:14,2026-10-06,04:45 - 05:00,2026-10-06 03:00,2026-10-06 10:30:00.903,,,,
2026-10-06 10:41:14,2026-10-06,05:00 - 05:15,2026-10-06 03:15,2026-10-06 10:30:00.903,,,,
2026-10-06 10:41:14,2026-10-06,05:15 - 05:30,2026-10-06 03:30,2026-10-06 10:30:00.903,,,,
2026-10-06 10:41:14,2026-10-06,05:30 - 05:45,2026-10-06 03:45,2026-10-06 10:30:00.903,,,,
2026-10-06 10:41:14,2026-10-06,05:45 - 06:00,2026-10-06 04:00,2026-10-06 10:30:00.903,,,,
2026-10-06 10:41:14,2026-10-06,06:00 - 06:15,2026-10-06 04:15,2026-10-06 10:30:00.903,,,,
2026-10-06 10:41:14,2026-10-06,06:15 - 06:30,2026-10-06 04:30,2026-10-06 10:30:00.903,,,,
2026-10-06 10:41:14,2026-10-06,06:30 - 06:45,2026-10-06 04:45,2026-10-06 10:30:00.903,,,,
2026-10-06 10:41:14,2026-10-06,06:45 - 07:00,2026-10-06 05:00,2026-10-06 10:30:00.903,,,,
2026-10-06 10:41:14,2026-10-06,07:00 - 07:15,2026-10-06 05:15,2026-10-06 10:30:00.903,,,,
2026-10-06 10:41:14,2026-10-06,07:15 - 07:30,2026-10-06 05:30,2026-10-06 10:30:00.903,,,,
2026-10-06 10:41:14,2026-10-06,07:30 - 07:45,2026-10-06 05:45,2026-10-06 10:30:00.903,,,,
2026-10-06 10:41:14,2026-10-06,07:45 - 08:00,2026-10-06 06:00,2026-10-06 10:30:00.903,,,,
2026-10-06 10:41:14,2026-10-06,08:00 - 08:15,2026-10-06 06:15,2026-10-06 10:30:00.903,,,,
2026-10-06 10:41:14,2026-10-06,08:15 - 08:30,2026-10-06 06:30,2026-10-06 10:30:00.903,,,,
2026-10-06 10:41:14,2026-10-06,08:30 - 08:45,2026-10-06 06:45,2026-10-06 10:30:00.903,,,,
2026-10-06 10:41:14,2026-10-06,08:45 - 09:00,2026-10-06 07:00,2026-10-06 10:30:00.903,,,,
2026-10-06 10:41:14,2026-10-06,09:00 - 09:15,2026-10-06 07:15,2026-10-06 10:30:00.903,,,,
2026-10-06 10:41:14,2026-10-06,09:15 - 09:30,2026-10-06 07:30,2026-10-06 10:30:00.903,,,,
2026-10-06 10:41:14,2026-10-06,09:30 - 09:45,2026-10-06 07:45,2026-10-06 10:30:00.903,,,,
2026-10-06 10:41:14,2026-10-06,09:45 - 10:00,2026-10-06 08:00,2026-10-06 10:30:00.903,,,,
2026-10-06 10:41:14,2026-10-06,10:00 - 10:15,2026-10-06 08:15,2026-10-06 10:30:00.903,,,,
2026-10-06 10:41:14,2026-10-06,10:15 - 10:30,2026-10-06 08:30,2026-10-06 10:30:00.903,,,,
2026-10-06 10:41:14,2026-10-06,10:30 - 10:45,2026-10-06 08:45,2026-10-06 10:30:00.903,,,,
2026-10-06 10:41:14,2026-10-06,10:45 - 11:00,2026-10-06 09:00,2026-10-06 10:30:00.903,,,,
2026-10-06 10:41:14,2026-10-06,11:00 - 11:15,2026-10-06 09:15,2026-10-06 10:30:00.903,,,,
2026-10-06 10:41:14,2026-10-06,11:15 - 11:30,2026-10-06 09:30,2026-10-06 10:30:00.903,,,,
2026-10-06 10:41:14,2026-10-06,11:30 - 11:45,2026-10-06 09:45,2026-10-06 10:30:00.903,,,,
2026-10-06 10:41:14,2026-10-06,11:45 - 12:00,2026-10-06 10:00,2026-10-06 10:30:00.903,,,,
2026-10-06 10:41:14,2026-10-06,12:00 - 12:15,2026-10-06 10:15,2026-10-06 10:30:00.903,-239.9,-60.1,,
2026-10-06 10:41:14,2026-10-06,12:15 - 12:30,2026-10-06 10:30,2026-10-06 10:30:00.903,-239.9,-60.1,,
2026-10-06 10:41:14,2026-10-06,12:30 - 12:45,2026-10-06 10:45,2026-10-06 10:30:00.903,-239.9,-60.1,,
2026-10-06 10:41:14,2026-10-06,12:45 - 13:00,2026-10-06 11:00,2026-10-06 10:30:00.903,-239.9,-60.1,,
2026-10-06 10:41:14,2026-10-06,13:00 - 13:15,2026-10-06 11:15,2026-10-06 10:30:00.903,-893.6,-100.7,,
2026-10-06 10:41:14,2026-10-06,13:15 - 13:30,2026-10-06 11:30,2026-10-06 10:30:00.903,-893.6,-100.7,,
2026-10-06 10:41:14,2026-10-06,13:30 - 13:45,2026-10-06 11:45,2026-10-06 10:30:00.903,-893.6,-100.7,,
2026-10-06 10:41:14,2026-10-06,13:45 - 14:00,2026-10-06 12:00,2026-10-06 10:30:00.903,-893.6,-100.7,,
2026-10-06 10:41:14,2026-10-06,14:00 - 14:15,2026-10-06 12:15,2026-10-06 10:30:00.903,,,,
2026-10-06 10:41:14,2026-10-06,14:15 - 14:30,2026-10-06 12:30,2026-10-06 10:30:00.903,,,,
2026-10-06 10:41:14,2026-10-06,14:30 - 14:45,2026-10-06 12:45,2026-10-06 10:30:00.903,,,,
2026-10-06 10:41:14,2026-10-06,14:45 - 15:00,2026-10-06 13:00,2026-10-06 10:30:00.903,,,,
2026-10-06 10:41:14,2026-10-06,15:00 - 15:15,2026-10-06 13:15,2026-10-06 10:30:00.903,,,,
2026-10-06 10:41:14,2026-10-06,15:15 - 15:30,2026-10-06 13:30,2026-10-06 10:30:00.903,,,,
2026-10-06 10:41:14,2026-10-06,15:30 - 15:45,2026-10-06 13:45,2026-10-06 10:30:00.903,,,,
2026-10-06 10:41:14,2026-10-06,15:45 - 16:00,2026-10-06 14:00,2026-10-06 10:30:00.903,,,,
2026-10-06 10:41:14,2026-10-06,16:00 - 16:15,2026-10-06 14:15,2026-10-06 10:30:00.903,,,,
2026-10-06 10:41:14,2026-10-06,16:15 - 16:30,2026-10-06 14:30,2026-10-06 10:30:00.903,,,,
2026-10-06 10:41:14,2026-10-06,16:30 - 16:45,2026-10-06 14:45,2026-10-06 10:30:00.903,,,,
2026-10-06 10:41:14,2026-10-06,16:45 - 17:00,2026-10-06 15:00,2026-10-06 10:30:00.903,,,,
2026-10-06 10:41:14,2026-10-06,17:00 - 17:15,2026-10-06 15:15,2026-10-06 10:30:00.903,,,,
2026-10-06 10:41:14,2026-10-06,17:15 - 17:30,2026-10-06 15:30,2026-10-06 10:30:00.903,,,,
2026-10-06 10:41:14,2026-10-06,17:30 - 17:45,2026-10-06 15:45,2026-10-06 10:30:00.903,,,,
2026-10-06 10:41:14,2026-10-06,17:45 - 18:00,2026-10-06 16:00,2026-10-06 10:30:00.903,,,,
2026-10-06 10:41:14,2026-10-06,18:00 - 18:15,2026-10-06 16:15,2026-10-06 10:30:00.903,,,,
2026-10-06 10:41:14,2026-10-06,18:15 - 18:30,2026-10-06 16:30,2026-10-06 10:30:00.903,,,,
2026-10-06 10:41:14,2026-10-06,18:30 - 18:45,2026-10-06 16:45,2026-10-06 10:30:00.903,,,,
2026-10-06 10:41:14,2026-10-06,18:45 - 19:00,2026-10-06 17:00,2026-10-06 10:30:00.903,,,,
2026-10-06 10:41:14,2026-10-06,19:00 - 19:15,2026-10-06 17:15,2026-10-06 10:30:00.903,,,,
2026-10-06 10:41:14,2026-10-06,19:15 - 19:30,2026-10-06 17:30,2026-10-06 10:30:00.903,,,,
2026-10-06 10:41:14,2026-10-06,19:30 - 19:45,2026-10-06 17:45,2026-10-06 10:30:00.903,,,,
2026-10-06 10:41:14,2026-10-06,19:45 - 20:00,2026-10-06 18:00,2026-10-06 10:30:00.903,,,,
2026-10-06 10:41:14,2026-10-06,20:00 - 20:15,2026-10-06 18:15,2026-10-06 10:30:00.903,,,,
2026-10-06 10:41:14,2026-10-06,20:15 - 20:30,2026-10-06 18:30,2026-10-06 10:30:00.903,,,,
2026-10-06 10:41:14,2026-10-06,20:30 - 20:45,2026-10-06 18:45,2026-10-06 10:30:00.903,,,,
2026-10-06 10:41:14,2026-10-06,20:45 - 21:00,2026-10-06 19:00,2026-10-06 10:30:00.903,,,,
2026-10-06 10:41:14,2026-10-06,21:00 - 21:15,2026-10-06 19:15,2026-10-06 10:30:00.903,,,,
2026-10-06 10:41:14,2026-10-06,21:15 - 21:30,2026-10-06 19:30,2026-10-06 10:30:00.903,,,,
2026-10-06 10:41:14,2026-10-06,21:30 - 21:45,2026-10-06 19:45,2026-10-06 10:30:00.903,,,,
2026-10-06 10:41:14,2026-10-06,21:45 - 22:00,2026-10-06 20:00,2026-10-06 10:30:00.903,,,,
2026-10-06 10:41:14,2026-10-06,22:00 - 22:15,2026-10-06 20:15,2026-10-06 10:30:00.903,,,,
2026-10-06 10:41:14,2026-10-06,22:15 - 22:30,2026-10-06 20:30,2026-10-06 10:30:00.903,,,,
2026-10-06 10:41:14,2026-10-06,22:30 - 22:45,2026-10-06 20:45,2026-10-06 10:30:00.903,,,,
2026-10-06 10:41:14,2026-10-06,22:45 - 23:00,2026-10-06 21:00,2026-10-06 10:30:00.903,,,,
2026-10-06 10:41:14,2026-10-06,23:00 - 23:15,2026-10-06 21:15,2026-10-06 10:30:00.903,,,,
2026-10-06 10:41:14,2026-10-06,23:15 - 23:30,2026-10-06 21:30,2026-10-06 10:30:00.903,,,,
2026-10-06 10:41:14,2026-10-06,23:30 - 23:45,2026-10-06 21:45,2026-10-06 10:30:00.903,,,,
2026-10-06 10:41:14,2026-10-06,23:45 - 24:00,2026-10-06 22:00,2026-10-06 10:30:00.903,,,,
2026-10-06 11:40:53,2026-10-06,00:00 - 00:15,2026-10-05 22:15,2026-10-06 11:29:32.331,,,,
2026-10-06 11:40:53,2026-10-06,00:15 - 00:30,2026-10-05 22:30,2026-10-06 11:29:32.331,,,,
2026-10-06 11:40:53,2026-10-06,00:30 - 00:45,2026-10-05 22:45,2026-10-06 11:29:32.331,,,,
2026-10-06 11:40:53,2026-10-06,00:45 - 01:00,2026-10-05 23:00,2026-10-06 11:29:32.331,,,,
2026-10-06 11:40:53,2026-10-06,01:00 - 01:15,2026-10-05 23:15,2026-10-06 11:29:32.331,,,,
2026-10-06 11:40:53,2026-10-06,01:15 - 01:30,2026-10-05 23:30,2026-10-06 11:29:32.331,,,,
2026-10-06 11:40:53,2026-10-06,01:30 - 01:45,2026-10-05 23:45,2026-10-06 11:29:32.331,,,,
2026-10-06 11:40:53,2026-10-06,01:45 - 02:00,2026-10-06 00:00,2026-10-06 11:29:32.331,,,,
2026-10-06 11:40:53,2026-10-06,02:00 - 02:15,2026-10-06 00:15,2026-10-06 11:29:32.331,,,,
2026-10-06 11:40:53,2026-10-06,02:15 - 02:30,2026-10-06 00:30,2026-10-06 11:29:32.331,,,,
2026-10-06 11:40:53,2026-10-06,02:30 - 02:45,2026-10-06 00:45,2026-10-06 11:29:32.331,,,,
2026-10-06 11:40:53,2026-10-06,02:45 - 03:00,2026-10-06 01:00,2026-10-06 11:29:32.331,,,,
2026-10-06 11:40:53,2026-10-06,03:00 - 03:15,2026-10-06 01:15,2026-10-06 11:29:32.331,,,,
2026-10-06 11:40:53,2026-10-06,03:15 - 03:30,2026-10-06 01:30,2026-10-06 11:29:32.331,,,,
2026-10-06 11:40:53,2026-10-06,03:30 - 03:45,2026-10-06 01:45,2026-10-06 11:29:32.331,,,,
2026-10-06 11:40:53,2026-10-06,03:45 - 04:00,2026-10-06 02:00,2026-10-06 11:29:32.331,,,,
2026-10-06 11:40:53,2026-10-06,04:00 - 04:15,2026-10-06 02:15,2026-10-06 11:29:32.331,,,,
2026-10-06 11:40:53,2026-10-06,04:15 - 04:30,2026-10-06 02:30,2026-10-06 11:29:32.331,,,,
2026-10-06 11:40:53,2026-10-06,04:30 - 04:45,2026-10-06 02:45,2026-10-06 11:29:32.331,,,,
2026-10-06 11:40:53,2026-10-06,04:45 - 05:00,2026-10-06 03:00,2026-10-06 11:29:32.331,,,,
2026-10-06 11:40:53,2026-10-06,05:00 - 05:15,2026-10-06 03:15,2026-10-06 11:29:32.331,,,,
2026-10-06 11:40:53,2026-10-06,05:15 - 05:30,2026-10-06 03:30,2026-10-06 11:29:32.331,,,,
2026-10-06 11:40:53,2026-10-06,05:30 - 05:45,2026-10-06 03:45,2026-10-06 11:29:32.331,,,,
2026-10-06 11:40:53,2026-10-06,05:45 - 06:00,2026-10-06 04:00,2026-10-06 11:29:32.331,,,,
2026-10-06 11:40:53,2026-10-06,06:00 - 06:15,2026-10-06 04:15,2026-10-06 11:29:32.331,,,,
2026-10-06 11:40:53,2026-10-06,06:15 - 06:30,2026-10-06 04:30,2026-10-06 11:29:32.331,,,,
2026-10-06 11:40:53,2026-10-06,06:30 - 06:45,2026-10-06 04:45,2026-10-06 11:29:32.331,,,,
2026-10-06 11:40:53,2026-10-06,06:45 - 07:00,2026-10-06 05:00,2026-10-06 11:29:32.331,,,,
2026-10-06 11:40:53,2026-10-06,07:00 - 07:15,2026-10-06 05:15,2026-10-06 11:29:32.331,,,,
2026-10-06 11:40:53,2026-10-06,07:15 - 07:30,2026-10-06 05:30,2026-10-06 11:29:32.331,,,,
2026-10-06 11:40:53,2026-10-06,07:30 - 07:45,2026-10-06 05:45,2026-10-06 11:29:32.331,,,,
2026-10-06 11:40:53,2026-10-06,07:45 - 08:00,2026-10-06 06:00,2026-10-06 11:29:32.331,,,,
2026-10-06 11:40:53,2026-10-06,08:00 - 08:15,2026-10-06 06:15,2026-10-06 11:29:32.331,,,,
2026-10-06 11:40:53,2026-10-06,08:15 - 08:30,2026-10-06 06:30,2026-10-06 11:29:32.331,,,,
2026-10-06 11:40:53,2026-10-06,08:30 - 08:45,2026-10-06 06:45,2026-10-06 11:29:32.331,,,,
2026-10-06 11:40:53,2026-10-06,08:45 - 09:00,2026-10-06 07:00,2026-10-06 11:29:32.331,,,,
2026-10-06 11:40:53,2026-10-06,09:00 - 09:15,2026-10-06 07:15,2026-10-06 11:29:32.331,,,,
2026-10-06 11:40:53,2026-10-06,09:15 - 09:30,2026-10-06 07:30,2026-10-06 11:29:32.331,,,,
2026-10-06 11:40:53,2026-10-06,09:30 - 09:45,2026-10-06 07:45,2026-10-06 11:29:32.331,,,,
2026-10-06 11:40:53,2026-10-06,09:45 - 10:00,2026-10-06 08:00,2026-10-06 11:29:32.331,,,,
2026-10-06 11:40:53,2026-10-06,10:00 - 10:15,2026-10-06 08:15,2026-10-06 11:29:32.331,,,,
2026-10-06 11:40:53,2026-10-06,10:15 - 10:30,2026-10-06 08:30,2026-10-06 11:29:32.331,,,,
2026-10-06 11:40:53,2026-10-06,10:30 - 10:45,2026-10-06 08:45,2026-10-06 11:29:32.331,,,,
2026-10-06 11:40:53,2026-10-06,10:45 - 11:00,2026-10-06 09:00,2026-10-06 11:29:32.331,,,,
2026-10-06 11:40:53,2026-10-06,11:00 - 11:15,2026-10-06 09:15,2026-10-06 11:29:32.331,,,,
2026-10-06 11:40:53,2026-10-06,11:15 - 11:30,2026-10-06 09:30,2026-10-06 11:29:32.331,,,,
2026-10-06 11:40:53,2026-10-06,11:30 - 11:45,2026-10-06 09:45,2026-10-06 11:29:32.331,,,,
2026-10-06 11:40:53,2026-10-06,11:45 - 12:00,2026-10-06 10:00,2026-10-06 11:29:32.331,,,,
2026-10-06 11:40:53,2026-10-06,12:00 - 12:15,2026-10-06 10:15,2026-10-06 11:29:32.331,-239.9,-60.1,,
2026-10-06 11:40:53,2026-10-06,12:15 - 12:30,2026-10-06 10:30,2026-10-06 11:29:32.331,-239.9,-60.1,,
2026-10-06 11:40:53,2026-10-06,12:30 - 12:45,2026-10-06 10:45,2026-10-06 11:29:32.331,-239.9,-60.1,,
2026-10-06 11:40:53,2026-10-06,12:45 - 13:00,2026-10-06 11:00,2026-10-06 11:29:32.331,-239.9,-60.1,,
2026-10-06 11:40:53,2026-10-06,13:00 - 13:15,2026-10-06 11:15,2026-10-06 11:29:32.331,-893.6,-100.7,,
2026-10-06 11:40:53,2026-10-06,13:15 - 13:30,2026-10-06 11:30,2026-10-06 11:29:32.331,-893.6,-100.7,,
2026-10-06 11:40:53,2026-10-06,13:30 - 13:45,2026-10-06 11:45,2026-10-06 11:29:32.331,-893.6,-100.7,,
2026-10-06 11:40:53,2026-10-06,13:45 - 14:00,2026-10-06 12:00,2026-10-06 11:29:32.331,-893.6,-100.7,,
2026-10-06 11:40:53,2026-10-06,14:00 - 14:15,2026-10-06 12:15,2026-10-06 11:29:32.331,-343.4,-93.7,,
2026-10-06 11:40:53,2026-10-06,14:15 - 14:30,2026-10-06 12:30,2026-10-06 11:29:32.331,-343.4,-93.7,,
2026-10-06 11:40:53,2026-10-06,14:30 - 14:45,2026-10-06 12:45,2026-10-06 11:29:32.331,-343.4,-93.7,,
2026-10-06 11:40:53,2026-10-06,14:45 - 15:00,2026-10-06 13:00,2026-10-06 11:29:32.331,-343.4,-93.7,,
2026-10-06 11:40:53,2026-10-06,15:00 - 15:15,2026-10-06 13:15,2026-10-06 11:29:32.331,,,,
2026-10-06 11:40:53,2026-10-06,15:15 - 15:30,2026-10-06 13:30,2026-10-06 11:29:32.331,,,,
2026-10-06 11:40:53,2026-10-06,15:30 - 15:45,2026-10-06 13:45,2026-10-06 11:29:32.331,,,,
2026-10-06 11:40:53,2026-10-06,15:45 - 16:00,2026-10-06 14:00,2026-10-06 11:29:32.331,,,,
2026-10-06 11:40:53,2026-10-06,16:00 - 16:15,2026-10-06 14:15,2026-10-06 11:29:32.331,,,,
2026-10-06 11:40:53,2026-10-06,16:15 - 16:30,2026-10-06 14:30,2026-10-06 11:29:32.331,,,,
2026-10-06 11:40:53,2026-10-06,16:30 - 16:45,2026-10-06 14:45,2026-10-06 11:29:32.331,,,,
2026-10-06 11:40:53,2026-10-06,16:45 - 17:00,2026-10-06 15:00,2026-10-06 11:29:32.331,,,,
2026-10-06 11:40:53,2026-10-06,17:00 - 17:15,2026-10-06 15:15,2026-10-06 11:29:32.331,,,,
2026-10-06 11:40:53,2026-10-06,17:15 - 17:30,2026-10-06 15:30,2026-10-06 11:29:32.331,,,,
2026-10-06 11:40:53,2026-10-06,17:30 - 17:45,2026-10-06 15:45,2026-10-06 11:29:32.331,,,,
2026-10-06 11:40:53,2026-10-06,17:45 - 18:00,2026-10-06 16:00,2026-10-06 11:29:32.331,,,,
2026-10-06 11:40:53,2026-10-06,18:00 - 18:15,2026-10-06 16:15,2026-10-06 11:29:32.331,,,,
2026-10-06 11:40:53,2026-10-06,18:15 - 18:30,2026-10-06 16:30,2026-10-06 11:29:32.331,,,,
2026-10-06 11:40:53,2026-10-06,18:30 - 18:45,2026-10-06 16:45,2026-10-06 11:29:32.331,,,,
2026-10-06 11:40:53,2026-10-06,18:45 - 19:00,2026-10-06 17:00,2026-10-06 11:29:32.331,,,,
2026-10-06 11:40:53,2026-10-06,19:00 - 19:15,2026-10-06 17:15,2026-10-06 11:29:32.331,,,,
2026-10-06 11:40:53,2026-10-06,19:15 - 19:30,2026-10-06 17:30,2026-10-06 11:29:32.331,,,,
2026-10-06 11:40:53,2026-10-06,19:30 - 19:45,2026-10-06 17:45,2026-10-06 11:29:32.331,,,,
2026-10-06 11:40:53,2026-10-06,19:45 - 20:00,2026-10-06 18:00,2026-10-06 11:29:32.331,,,,
2026-10-06 11:40:53,2026-10-06,20:00 - 20:15,2026-10-06 18:15,2026-10-06 11:29:32.331,,,,
2026-10-06 11:40:53,2026-10-06,20:15 - 20:30,2026-10-06 18:30,2026-10-06 11:29:32.331,,,,
2026-10-06 11:40:53,2026-10-06,20:30 - 20:45,2026-10-06 18:45,2026-10-06 11:29:32.331,,,,
2026-10-06 11:40:53,2026-10-06,20:45 - 21:00,2026-10-06 19:00,2026-10-06 11:29:32.331,,,,
2026-10-06 11:40:53,2026-10-06,21:00 - 21:15,2026-10-06 19:15,2026-10-06 11:29:32.331,,,,
2026-10-06 11:40:53,2026-10-06,21:15 - 21:30,2026-10-06 19:30,2026-10-06 11:29:32.331,,,,
2026-10-06 11:40:53,2026-10-06,21:30 - 21:45,2026-10-06 19:45,2026-10-06 11:29:32.331,,,,
2026-10-06 11:40:53,2026-10-06,21:45 - 22:00,2026-10-06 20:00,2026-10-06 11:29:32.331,,,,
2026-10-06 11:40:53,2026-10-06,22:00 - 22:15,2026-10-06 20:15,2026-10-06 11:29:32.331,,,,
2026-10-06 11:40:53,2026-10-06,22:15 - 22:30,2026-10-06 20:30,2026-10-06 11:29:32.331,,,,
2026-10-06 11:40:53,2026-10-06,22:30 - 22:45,2026-10-06 20:45,2026-10-06 11:29:32.331,,,,
2026-10-06 11:40:53,2026-10-06,22:45 - 23:00,2026-10-06 21:00,2026-10-06 11:29:32.331,,,,
2026-10-06 11:40:53,2026-10-06,23:00 - 23:15,2026-10-06 21:15,2026-10-06 11:29:32.331,,,,
2026-10-06 11:40:53,2026-10-06,23:15 - 23:30,2026-10-06 21:30,2026-10-06 11:29:32.331,,,,
2026-10-06 11:40:53,2026-10-06,23:30 - 23:45,2026-10-06 21:45,2026-10-06 11:29:32.331,,,,
2026-10-06 11:40:53,2026-10-06,23:45 - 24:00,2026-10-06 22:00,2026-10-06 11:29:32.331,,,,
2026-10-07 03:16:29,2026-10-08,00:00 - 00:15,2026-10-07 22:15,2026-10-06 22:10:11.331,,,,
2026-10-07 03:16:29,2026-10-08,00:15 - 00:30,2026-10-07 22:30,2026-10-06 22:10:11.331,,,,
2026-10-07 03:16:29,2026-10-08,00:30 - 00:45,2026-10-07 22:45,2026-10-06 22:10:11.331,,,,
2026-10-07 03:16:29,2026-10-08,00:45 - 01:00,2026-10-07 23:00,2026-10-06 22:10:11.331,,,,
2026-10-07 03:16:29,2026-10-08,01:00 - 01:15,2026-10-07 23:15,2026-10-06 22:10:11.331,,,,
2026-10-07 03:16:29,2026-10-08,01:15 - 01:30,2026-10-07 23:30,2026-10-06 22:10:11.331,,,,
2026-10-07 03:16:29,2026-10-08,01:30 - 01:45,2026-10-07 23:45,2026-10-06 22:10:11.331,,,,
2026-10-07 03:16:29,2026-10-08,01:45 - 02:00,2026-10-08 00:00,2026-10-06 22:10:11.331,,,,
2026-10-07 03:16:29,2026-10-08,02:00 - 02:15,2026-10-08 00:15,2026-10-06 22:10:11.331,,,,
2026-10-07 03:16:29,2026-10-08,02:15 - 02:30,2026-10-08 00:30,2026-10-06 22:10:11.331,,,,
2026-10-07 03:16:29,2026-10-08,02:30 - 02:45,2026-10-08 00:45,2026-10-06 22:10:11.331,,,,
2026-10-07 03:16:29,2026-10-08,02:45 - 03:00,2026-10-08 01:00,2026-10-06 22:10:11.331,,,,
2026-10-07 03:16:29,2026-10-08,03:00 - 03:15,2026-10-08 01:15,2026-10-06 22:10:11.331,,,,
2026-10-07 03:16:29,2026-10-08,03:15 - 03:30,2026-10-08 01:30,2026-10-06 22:10:11.331,,,,
2026-10-07 03:16:29,2026-10-08,03:30 - 03:45,2026-10-08 01:45,2026-10-06 22:10:11.331,,,,
2026-10-07 03:16:29,2026-10-08,03:45 - 04:00,2026-10-08 02:00,2026-10-06 22:10:11.331,,,,
2026-10-07 03:16:29,2026-10-08,04:00 - 04:15,2026-10-08 02:15,2026-10-06 22:10:11.331,,,,
2026-10-07 03:16:29,2026-10-08,04:15 - 04:30,2026-10-08 02:30,2026-10-06 22:10:11.331,,,,
2026-10-07 03:16:29,2026-10-08,04:30 - 04:45,2026-10-08 02:45,2026-10-06 22:10:11.331,,,,
2026-10-07 03:16:29,2026-10-08,04:45 - 05:00,2026-10-08 03:00,2026-10-06 22:10:11.331,,,,
2026-10-07 03:16:29,2026-10-08,05:00 - 05:15,2026-10-08 03:15,2026-10-06 22:10:11.331,,,,
2026-10-07 03:16:29,2026-10-08,05:15 - 05:30,2026-10-08 03:30,2026-10-06 22:10:11.331,,,,
2026-10-07 03:16:29,2026-10-08,05:30 - 05:45,2026-10-08 03:45,2026-10-06 22:10:11.331,,,,
2026-10-07 03:16:29,2026-10-08,05:45 - 06:00,2026-10-08 04:00,2026-10-06 22:10:11.331,,,,
2026-10-07 03:16:29,2026-10-08,06:00 - 06:15,2026-10-08 04:15,2026-10-06 22:10:11.331,,,,
2026-10-07 03:16:29,2026-10-08,06:15 - 06:30,2026-10-08 04:30,2026-10-06 22:10:11.331,,,,
2026-10-07 03:16:29,2026-10-08,06:30 - 06:45,2026-10-08 04:45,2026-10-06 22:10:11.331,,,,
2026-10-07 03:16:29,2026-10-08,06:45 - 07:00,2026-10-08 05:00,2026-10-06 22:10:11.331,,,,
2026-10-07 03:16:29,2026-10-08,07:00 - 07:15,2026-10-08 05:15,2026-10-06 22:10:11.331,,,,
2026-10-07 03:16:29,2026-10-08,07:15 - 07:30,2026-10-08 05:30,2026-10-06 22:10:11.331,,,,
2026-10-07 03:16:29,2026-10-08,07:30 - 07:45,2026-10-08 05:45,2026-10-06 22:10:11.331,,,,
2026-10-07 03:16:29,2026-10-08,07:45 - 08:00,2026-10-08 06:00,2026-10-06 22:10:11.331,,,,
2026-10-07 03:16:29,2026-10-08,08:00 - 08:15,2026-10-08 06:15,2026-10-06 22:10:11.331,,,,
2026-10-07 03:16:29,2026-10-08,08:15 - 08:30,2026-10-08 06:30,2026-10-06 22:10:11.331,,,,
2026-10-07 03:16:29,2026-10-08,08:30 - 08:45,2026-10-08 06:45,2026-10-06 22:10:11.331,,,,
2026-10-07 03:16:29,2026-10-08,08:45 - 09:00,2026-10-08 07:00,2026-10-06 22:10:11.331,,,,
2026-10-07 03:16:29,2026-10-08,09:00 - 09:15,2026-10-08 07:15,2026-10-06 22:10:11.331,,,,
2026-10-07 03:16:29,2026-10-08,09:15 - 09:30,2026-10-08 07:30,2026-10-06 22:10:11.331,,,,
2026-10-07 03:16:29,2026-10-08,09:30 - 09:45,2026-10-08 07:45,2026-10-06 22:10:11.331,,,,
2026-10-07 03:16:29,2026-10-08,09:45 - 10:00,2026-10-08 08:00,2026-10-06 22:10:11.331,,,,
2026-10-07 03:16:29,2026-10-08,10:00 - 10:15,2026-10-08 08:15,2026-10-06 22:10:11.331,,,,
2026-10-07 03:16:29,2026-10-08,10:15 - 10:30,2026-10-08 08:30,2026-10-06 22:10:11.331,,,,
2026-10-07 03:16:29,2026-10-08,10:30 - 10:45,2026-10-08 08:45,2026-10-06 22:10:11.331,,,,
2026-10-07 03:16:29,2026-10-08,10:45 - 11:00,2026-10-08 09:00,2026-10-06 22:10:11.331,,,,
2026-10-07 03:16:29,2026-10-08,11:00 - 11:15,2026-10-08 09:15,2026-10-06 22:10:11.331,,,,
2026-10-07 03:16:29,2026-10-08,11:15 - 11:30,2026-10-08 09:30,2026-10-06 22:10:11.331,,,,
2026-10-07 03:16:29,2026-10-08,11:30 - 11:45,2026-10-08 09:45,2026-10-06 22:10:11.331,,,,
2026-10-07 03:16:29,2026-10-08,11:45 - 12:00,2026-10-08 10:00,2026-10-06 22:10:11.331,,,,
2026-10-07 03:16:29,2026-10-08,12:00 - 12:15,2026-10-08 10:15,2026-10-06 22:10:11.331,,,,
2026-10-07 03:16:29,2026-10-08,12:15 - 12:30,2026-10-08 10:30,2026-10-06 22:10:11.331,,,,
2026-10-07 03:16:29,2026-10-08,12:30 - 12:45,2026-10-08 10:45,2026-10-06 22:10:11.331,,,,
2026-10-07 03:16:29,2026-10-08,12:45 - 13:00,2026-10-08 11:00,2026-10-06 22:10:11.331,,,,
2026-10-07 03:16:29,2026-10-08,13:00 - 13:15,2026-10-08 11:15,2026-10-06 22:10:11.331,,,,
2026-10-07 03:16:29,2026-10-08,13:15 - 13:30,2026-10-08 11:30,2026-10-06 22:10:11.331,,,,
2026-10-07 03:16:29,2026-10-08,13:30 - 13:45,2026-10-08 11:45,2026-10-06 22:10:11.331,,,,
2026-10-07 03:16:29,2026-10-08,13:45 - 14:00,2026-10-08 12:00,2026-10-06 22:10:11.331,,,,
2026-10-07 03:16:29,2026-10-08,14:00 - 14:15,2026-10-08 12:15,2026-10-06 22:10:11.331,,,,
2026-10-07 03:16:29,2026-10-08,14:15 - 14:30,2026-10-08 12:30,2026-10-06 22:10:11.331,,,,
2026-10-07 03:16:29,2026-10-08,14:30 - 14:45,2026-10-08 12:45,2026-10-06 22:10:11.331,,,,
2026-10-07 03:16:29,2026-10-08,14:45 - 15:00,2026-10-08 13:00,2026-10-06 22:10:11.331,,,,
2026-10-07 03:16:29,2026-10-08,15:00 - 15:15,2026-10-08 13:15,2026-10-06 22:10:11.331,,,,
2026-10-07 03:16:29,2026-10-08,15:15 - 15:30,2026-10-08 13:30,2026-10-06 22:10:11.331,,,,
2026-10-07 03:16:29,2026-10-08,15:30 - 15:45,2026-10-08 13:45,2026-10-06 22:10:11.331,,,,
2026-10-07 03:16:29,2026-10-08,15:45 - 16:00,2026-10-08 14:00,2026-10-06 22:10:11.331,,,,
2026-10-07 03:16:29,2026-10-08,16:00 - 16:15,2026-10-08 14:15,2026-10-06 22:10:11.331,,,,
2026-10-07 03:16:29,2026-10-08,16:15 - 16:30,2026-10-08 14:30,2026-10-06 22:10:11.331,,,,
2026-10-07 03:16:29,2026-10-08,16:30 - 16:45,2026-10-08 14:45,2026-10-06 22:10:11.331,,,,
2026-10-07 03:16:29,2026-10-08,16:45 - 17:00,2026-10-08 15:00,2026-10-06 22:10:11.331,,,,
2026-10-07 03:16:29,2026-10-08,17:00 - 17:15,2026-10-08 15:15,2026-10-06 22:10:11.331,,,,
2026-10-07 03:16:29,2026-10-08,17:15 - 17:30,2026-10-08 15:30,2026-10-06 22:10:11.331,,,,
2026-10-07 03:16:29,2026-10-08,17:30 - 17:45,2026-10-08 15:45,2026-10-06 22:10:11.331,,,,
2026-10-07 03:16:29,2026-10-08,17:45 - 18:00,2026-10-08 16:00,2026-10-06 22:10:11.331,,,,
2026-10-07 03:16:29,2026-10-08,18:00 - 18:15,2026-10-08 16:15,2026-10-06 22:10:11.331,,,,
2026-10-07 03:16:29,2026-10-08,18:15 - 18:30,2026-10-08 16:30,2026-10-06 22:10:11.331,,,,
2026-10-07 03:16:29,2026-10-08,18:30 - 18:45,2026-10-08 16:45,2026-10-06 22:10:11.331,,,,
2026-10-07 03:16:29,2026-10-08,18:45 - 19:00,2026-10-08 17:00,2026-10-06 22:10:11.331,,,,
2026-10-07 03:16:29,2026-10-08,19:00 - 19:15,2026-10-08 17:15,2026-10-06 22:10:11.331,,,,
2026-10-07 03:16:29,2026-10-08,19:15 - 19:30,2026-10-08 17:30,2026-10-06 22:10:11.331,,,,
2026-10-07 03:16:29,2026-10-08,19:30 - 19:45,2026-10-08 17:45,2026-10-06 22:10:11.331,,,,
2026-10-07 03:16:29,2026-10-08,19:45 - 20:00,2026-10-08 18:00,2026-10-06 22:10:11.331,,,,
2026-10-07 03:16:29,2026-10-08,20:00 - 20:15,2026-10-08 18:15,2026-10-06 22:10:11.331,,,,
2026-10-07 03:16:29,2026-10-08,20:15 - 20:30,2026-10-08 18:30,2026-10-06 22:10:11.331,,,,
2026-10-07 03:16:29,2026-10-08,20:30 - 20:45,2026-10-08 18:45,2026-10-06 22:10:11.331,,,,
2026-10-07 03:16:29,2026-10-08,20:45 - 21:00,2026-10-08 19:00,2026-10-06 22:10:11.331,,,,
2026-10-07 03:16:29,2026-10-08,21:00 - 21:15,2026-10-08 19:15,2026-10-06 22:10:11.331,,,,
2026-10-07 03:16:29,2026-10-08,21:15 - 21:30,2026-10-08 19:30,2026-10-06 22:10:11.331,,,,
2026-10-07 03:16:29,2026-10-08,21:30 - 21:45,2026-10-08 19:45,2026-10-06 22:10:11.331,,,,
2026-10-07 03:16:29,2026-10-08,21:45 - 22:00,2026-10-08 20:00,2026-10-06 22:10:11.331,,,,
2026-10-07 03:16:29,2026-10-08,22:00 - 22:15,2026-10-08 20:15,2026-10-06 22:10:11.331,,,,
2026-10-07 03:16:29,2026-10-08,22:15 - 22:30,2026-10-08 20:30,2026-10-06 22:10:11.331,,,,
2026-10-07 03:16:29,2026-10-08,22:30 - 22:45,2026-10-08 20:45,2026-10-06 22:10:11.331,,,,
2026-10-07 03:16:29,2026-10-08,22:45 - 23:00,2026-10-08 21:00,2026-10-06 22:10:11.331,,,,
2026-10-07 03:16:29,2026-10-08,23:00 - 23:15,2026-10-08 21:15,2026-10-06 22:10:11.331,,,,
2026-10-07 03:16:29,2026-10-08,23:15 - 23:30,2026-10-08 21:30,2026-10-06 22:10:11.331,,,,
2026-10-07 03:16:29,2026-10-08,23:30 - 23:45,2026-10-08 21:45,2026-10-06 22:10:11.331,,,,
2026-10-07 03:16:29,2026-10-08,23:45 - 24:00,2026-10-08 22:00,2026-10-06 22:10:11.331,,,,
